repo,vul_id,file_path
FFmpeg/FFmpeg,CVE-2020-13904,outputs/results/FFmpeg/FFmpeg/CVE-2020-13904_repo_findings.json
FFmpeg/FFmpeg,CVE-2020-20448,outputs/results/FFmpeg/FFmpeg/CVE-2020-20448_repo_findings.json
FFmpeg/FFmpeg,CVE-2020-20450,outputs/results/FFmpeg/FFmpeg/CVE-2020-20450_repo_findings.json
FFmpeg/FFmpeg,CVE-2020-20453,outputs/results/FFmpeg/FFmpeg/CVE-2020-20453_repo_findings.json
FFmpeg/FFmpeg,CVE-2020-20891,outputs/results/FFmpeg/FFmpeg/CVE-2020-20891_repo_findings.json
FFmpeg/FFmpeg,CVE-2020-20892,outputs/results/FFmpeg/FFmpeg/CVE-2020-20892_repo_findings.json
FFmpeg/FFmpeg,CVE-2020-20898,outputs/results/FFmpeg/FFmpeg/CVE-2020-20898_repo_findings.json
FFmpeg/FFmpeg,CVE-2020-20902,outputs/results/FFmpeg/FFmpeg/CVE-2020-20902_repo_findings.json
FFmpeg/FFmpeg,CVE-2020-22036,outputs/results/FFmpeg/FFmpeg/CVE-2020-22036_repo_findings.json
FFmpeg/FFmpeg,CVE-2020-22038,outputs/results/FFmpeg/FFmpeg/CVE-2020-22038_repo_findings.json
FFmpeg/FFmpeg,CVE-2020-22040,outputs/results/FFmpeg/FFmpeg/CVE-2020-22040_repo_findings.json
FFmpeg/FFmpeg,CVE-2020-22044,outputs/results/FFmpeg/FFmpeg/CVE-2020-22044_repo_findings.json
FFmpeg/FFmpeg,CVE-2021-38091,outputs/results/FFmpeg/FFmpeg/CVE-2021-38091_repo_findings.json
FFmpeg/FFmpeg,CVE-2021-38092,outputs/results/FFmpeg/FFmpeg/CVE-2021-38092_repo_findings.json
FFmpeg/FFmpeg,CVE-2021-38093,outputs/results/FFmpeg/FFmpeg/CVE-2021-38093_repo_findings.json
FFmpeg/FFmpeg,CVE-2021-38094,outputs/results/FFmpeg/FFmpeg/CVE-2021-38094_repo_findings.json
FFmpeg/FFmpeg,CVE-2022-3964,outputs/results/FFmpeg/FFmpeg/CVE-2022-3964_repo_findings.json
FFmpeg/FFmpeg,CVE-2024-7055,outputs/results/FFmpeg/FFmpeg/CVE-2024-7055_repo_findings.json
ImageMagick/ImageMagick,CVE-2020-10251,outputs/results/ImageMagick/ImageMagick/CVE-2020-10251_repo_findings.json
ImageMagick/ImageMagick,CVE-2020-25664,outputs/results/ImageMagick/ImageMagick/CVE-2020-25664_repo_findings.json
ImageMagick/ImageMagick,CVE-2020-25665,outputs/results/ImageMagick/ImageMagick/CVE-2020-25665_repo_findings.json
ImageMagick/ImageMagick,CVE-2020-25675,outputs/results/ImageMagick/ImageMagick/CVE-2020-25675_repo_findings.json
ImageMagick/ImageMagick,CVE-2020-25676,outputs/results/ImageMagick/ImageMagick/CVE-2020-25676_repo_findings.json
ImageMagick/ImageMagick,CVE-2020-27560,outputs/results/ImageMagick/ImageMagick/CVE-2020-27560_repo_findings.json
ImageMagick/ImageMagick,CVE-2020-27756,outputs/results/ImageMagick/ImageMagick/CVE-2020-27756_repo_findings.json
ImageMagick/ImageMagick,CVE-2020-27758,outputs/results/ImageMagick/ImageMagick/CVE-2020-27758_repo_findings.json
ImageMagick/ImageMagick,CVE-2020-27763,outputs/results/ImageMagick/ImageMagick/CVE-2020-27763_repo_findings.json
ImageMagick/ImageMagick,CVE-2020-27770,outputs/results/ImageMagick/ImageMagick/CVE-2020-27770_repo_findings.json
ImageMagick/ImageMagick,CVE-2020-27771,outputs/results/ImageMagick/ImageMagick/CVE-2020-27771_repo_findings.json
ImageMagick/ImageMagick,CVE-2020-27772,outputs/results/ImageMagick/ImageMagick/CVE-2020-27772_repo_findings.json
ImageMagick/ImageMagick,CVE-2020-27829,outputs/results/ImageMagick/ImageMagick/CVE-2020-27829_repo_findings.json
ImageMagick/ImageMagick,CVE-2021-20176,outputs/results/ImageMagick/ImageMagick/CVE-2021-20176_repo_findings.json
ImageMagick/ImageMagick,CVE-2021-20224,outputs/results/ImageMagick/ImageMagick/CVE-2021-20224_repo_findings.json
ImageMagick/ImageMagick,CVE-2021-20245,outputs/results/ImageMagick/ImageMagick/CVE-2021-20245_repo_findings.json
ImageMagick/ImageMagick,CVE-2021-20246,outputs/results/ImageMagick/ImageMagick/CVE-2021-20246_repo_findings.json
ImageMagick/ImageMagick,CVE-2021-20309,outputs/results/ImageMagick/ImageMagick/CVE-2021-20309_repo_findings.json
ImageMagick/ImageMagick,CVE-2021-20312,outputs/results/ImageMagick/ImageMagick/CVE-2021-20312_repo_findings.json
ImageMagick/ImageMagick,CVE-2021-3962,outputs/results/ImageMagick/ImageMagick/CVE-2021-3962_repo_findings.json
ImageMagick/ImageMagick,CVE-2022-0284,outputs/results/ImageMagick/ImageMagick/CVE-2022-0284_repo_findings.json
ImageMagick/ImageMagick,CVE-2022-1115,outputs/results/ImageMagick/ImageMagick/CVE-2022-1115_repo_findings.json
ImageMagick/ImageMagick,CVE-2022-2719,outputs/results/ImageMagick/ImageMagick/CVE-2022-2719_repo_findings.json
ImageMagick/ImageMagick,CVE-2022-28463,outputs/results/ImageMagick/ImageMagick/CVE-2022-28463_repo_findings.json
ImageMagick/ImageMagick,CVE-2022-3213,outputs/results/ImageMagick/ImageMagick/CVE-2022-3213_repo_findings.json
ImageMagick/ImageMagick,CVE-2022-32546,outputs/results/ImageMagick/ImageMagick/CVE-2022-32546_repo_findings.json
ImageMagick/ImageMagick,CVE-2022-32547,outputs/results/ImageMagick/ImageMagick/CVE-2022-32547_repo_findings.json
ImageMagick/ImageMagick,CVE-2023-1289,outputs/results/ImageMagick/ImageMagick/CVE-2023-1289_repo_findings.json
ImageMagick/ImageMagick,CVE-2023-1906,outputs/results/ImageMagick/ImageMagick/CVE-2023-1906_repo_findings.json
ImageMagick/ImageMagick,CVE-2023-3195,outputs/results/ImageMagick/ImageMagick/CVE-2023-3195_repo_findings.json
ImageMagick/ImageMagick,CVE-2023-5341,outputs/results/ImageMagick/ImageMagick/CVE-2023-5341_repo_findings.json
apache/httpd,CVE-2020-9490,outputs/results/apache/httpd/CVE-2020-9490_repo_findings.json
apache/httpd,CVE-2021-33193,outputs/results/apache/httpd/CVE-2021-33193_repo_findings.json
curl/curl,CVE-2020-8177,outputs/results/curl/curl/CVE-2020-8177_repo_findings.json
curl/curl,CVE-2020-8231,outputs/results/curl/curl/CVE-2020-8231_repo_findings.json
curl/curl,CVE-2020-8286,outputs/results/curl/curl/CVE-2020-8286_repo_findings.json
curl/curl,CVE-2021-22876,outputs/results/curl/curl/CVE-2021-22876_repo_findings.json
curl/curl,CVE-2021-22897,outputs/results/curl/curl/CVE-2021-22897_repo_findings.json
curl/curl,CVE-2021-22926,outputs/results/curl/curl/CVE-2021-22926_repo_findings.json
curl/curl,CVE-2021-22945,outputs/results/curl/curl/CVE-2021-22945_repo_findings.json
curl/curl,CVE-2021-22946,outputs/results/curl/curl/CVE-2021-22946_repo_findings.json
curl/curl,CVE-2022-27775,outputs/results/curl/curl/CVE-2022-27775_repo_findings.json
curl/curl,CVE-2022-32205,outputs/results/curl/curl/CVE-2022-32205_repo_findings.json
curl/curl,CVE-2022-32221,outputs/results/curl/curl/CVE-2022-32221_repo_findings.json
curl/curl,CVE-2022-35252,outputs/results/curl/curl/CVE-2022-35252_repo_findings.json
curl/curl,CVE-2022-43552,outputs/results/curl/curl/CVE-2022-43552_repo_findings.json
curl/curl,CVE-2023-23914,outputs/results/curl/curl/CVE-2023-23914_repo_findings.json
curl/curl,CVE-2023-27535,outputs/results/curl/curl/CVE-2023-27535_repo_findings.json
curl/curl,CVE-2023-27538,outputs/results/curl/curl/CVE-2023-27538_repo_findings.json
curl/curl,CVE-2023-28320,outputs/results/curl/curl/CVE-2023-28320_repo_findings.json
curl/curl,CVE-2023-28321,outputs/results/curl/curl/CVE-2023-28321_repo_findings.json
curl/curl,CVE-2023-38545,outputs/results/curl/curl/CVE-2023-38545_repo_findings.json
curl/curl,CVE-2024-2466,outputs/results/curl/curl/CVE-2024-2466_repo_findings.json
curl/curl,CVE-2024-7264,outputs/results/curl/curl/CVE-2024-7264_repo_findings.json
curl/curl,CVE-2024-9681,outputs/results/curl/curl/CVE-2024-9681_repo_findings.json
torvalds/linux,CVE-2020-0066,outputs/results/torvalds/linux/CVE-2020-0066_repo_findings.json
torvalds/linux,CVE-2020-0430,outputs/results/torvalds/linux/CVE-2020-0430_repo_findings.json
torvalds/linux,CVE-2020-10135,outputs/results/torvalds/linux/CVE-2020-10135_repo_findings.json
torvalds/linux,CVE-2020-10711,outputs/results/torvalds/linux/CVE-2020-10711_repo_findings.json
torvalds/linux,CVE-2020-10757,outputs/results/torvalds/linux/CVE-2020-10757_repo_findings.json
torvalds/linux,CVE-2020-10766,outputs/results/torvalds/linux/CVE-2020-10766_repo_findings.json
torvalds/linux,CVE-2020-10773,outputs/results/torvalds/linux/CVE-2020-10773_repo_findings.json
torvalds/linux,CVE-2020-12352,outputs/results/torvalds/linux/CVE-2020-12352_repo_findings.json
torvalds/linux,CVE-2020-14385,outputs/results/torvalds/linux/CVE-2020-14385_repo_findings.json
torvalds/linux,CVE-2020-14386,outputs/results/torvalds/linux/CVE-2020-14386_repo_findings.json
torvalds/linux,CVE-2020-16166,outputs/results/torvalds/linux/CVE-2020-16166_repo_findings.json
torvalds/linux,CVE-2020-1749,outputs/results/torvalds/linux/CVE-2020-1749_repo_findings.json
torvalds/linux,CVE-2020-25656,outputs/results/torvalds/linux/CVE-2020-25656_repo_findings.json
torvalds/linux,CVE-2020-25668,outputs/results/torvalds/linux/CVE-2020-25668_repo_findings.json
torvalds/linux,CVE-2020-25669,outputs/results/torvalds/linux/CVE-2020-25669_repo_findings.json
torvalds/linux,CVE-2020-26088,outputs/results/torvalds/linux/CVE-2020-26088_repo_findings.json
torvalds/linux,CVE-2020-26145,outputs/results/torvalds/linux/CVE-2020-26145_repo_findings.json
torvalds/linux,CVE-2020-26541,outputs/results/torvalds/linux/CVE-2020-26541_repo_findings.json
torvalds/linux,CVE-2020-27067,outputs/results/torvalds/linux/CVE-2020-27067_repo_findings.json
torvalds/linux,CVE-2020-27675,outputs/results/torvalds/linux/CVE-2020-27675_repo_findings.json
torvalds/linux,CVE-2020-27786,outputs/results/torvalds/linux/CVE-2020-27786_repo_findings.json
torvalds/linux,CVE-2020-27820,outputs/results/torvalds/linux/CVE-2020-27820_repo_findings.json
torvalds/linux,CVE-2020-27825,outputs/results/torvalds/linux/CVE-2020-27825_repo_findings.json
torvalds/linux,CVE-2020-29370,outputs/results/torvalds/linux/CVE-2020-29370_repo_findings.json
torvalds/linux,CVE-2020-29374,outputs/results/torvalds/linux/CVE-2020-29374_repo_findings.json
torvalds/linux,CVE-2020-29660,outputs/results/torvalds/linux/CVE-2020-29660_repo_findings.json
torvalds/linux,CVE-2020-36385,outputs/results/torvalds/linux/CVE-2020-36385_repo_findings.json
torvalds/linux,CVE-2020-36386,outputs/results/torvalds/linux/CVE-2020-36386_repo_findings.json
torvalds/linux,CVE-2020-36558,outputs/results/torvalds/linux/CVE-2020-36558_repo_findings.json
torvalds/linux,CVE-2020-36787,outputs/results/torvalds/linux/CVE-2020-36787_repo_findings.json
torvalds/linux,CVE-2020-7053,outputs/results/torvalds/linux/CVE-2020-7053_repo_findings.json
torvalds/linux,CVE-2020-8648,outputs/results/torvalds/linux/CVE-2020-8648_repo_findings.json
torvalds/linux,CVE-2020-9383,outputs/results/torvalds/linux/CVE-2020-9383_repo_findings.json
torvalds/linux,CVE-2020-9391,outputs/results/torvalds/linux/CVE-2020-9391_repo_findings.json
torvalds/linux,CVE-2021-0342,outputs/results/torvalds/linux/CVE-2021-0342_repo_findings.json
torvalds/linux,CVE-2021-0447,outputs/results/torvalds/linux/CVE-2021-0447_repo_findings.json
torvalds/linux,CVE-2021-0920,outputs/results/torvalds/linux/CVE-2021-0920_repo_findings.json
torvalds/linux,CVE-2021-20321,outputs/results/torvalds/linux/CVE-2021-20321_repo_findings.json
torvalds/linux,CVE-2021-22600,outputs/results/torvalds/linux/CVE-2021-22600_repo_findings.json
torvalds/linux,CVE-2021-26708,outputs/results/torvalds/linux/CVE-2021-26708_repo_findings.json
torvalds/linux,CVE-2021-26930,outputs/results/torvalds/linux/CVE-2021-26930_repo_findings.json
torvalds/linux,CVE-2021-27363,outputs/results/torvalds/linux/CVE-2021-27363_repo_findings.json
torvalds/linux,CVE-2021-28038,outputs/results/torvalds/linux/CVE-2021-28038_repo_findings.json
torvalds/linux,CVE-2021-28660,outputs/results/torvalds/linux/CVE-2021-28660_repo_findings.json
torvalds/linux,CVE-2021-28688,outputs/results/torvalds/linux/CVE-2021-28688_repo_findings.json
torvalds/linux,CVE-2021-28691,outputs/results/torvalds/linux/CVE-2021-28691_repo_findings.json
torvalds/linux,CVE-2021-28713,outputs/results/torvalds/linux/CVE-2021-28713_repo_findings.json
torvalds/linux,CVE-2021-28951,outputs/results/torvalds/linux/CVE-2021-28951_repo_findings.json
torvalds/linux,CVE-2021-29154,outputs/results/torvalds/linux/CVE-2021-29154_repo_findings.json
torvalds/linux,CVE-2021-3178,outputs/results/torvalds/linux/CVE-2021-3178_repo_findings.json
torvalds/linux,CVE-2021-32606,outputs/results/torvalds/linux/CVE-2021-32606_repo_findings.json
torvalds/linux,CVE-2021-33033,outputs/results/torvalds/linux/CVE-2021-33033_repo_findings.json
torvalds/linux,CVE-2021-33061,outputs/results/torvalds/linux/CVE-2021-33061_repo_findings.json
torvalds/linux,CVE-2021-33098,outputs/results/torvalds/linux/CVE-2021-33098_repo_findings.json
torvalds/linux,CVE-2021-3347,outputs/results/torvalds/linux/CVE-2021-3347_repo_findings.json
torvalds/linux,CVE-2021-3411,outputs/results/torvalds/linux/CVE-2021-3411_repo_findings.json
torvalds/linux,CVE-2021-34693,outputs/results/torvalds/linux/CVE-2021-34693_repo_findings.json
torvalds/linux,CVE-2021-3493,outputs/results/torvalds/linux/CVE-2021-3493_repo_findings.json
torvalds/linux,CVE-2021-3506,outputs/results/torvalds/linux/CVE-2021-3506_repo_findings.json
torvalds/linux,CVE-2021-3564,outputs/results/torvalds/linux/CVE-2021-3564_repo_findings.json
torvalds/linux,CVE-2021-3600,outputs/results/torvalds/linux/CVE-2021-3600_repo_findings.json
torvalds/linux,CVE-2021-3609,outputs/results/torvalds/linux/CVE-2021-3609_repo_findings.json
torvalds/linux,CVE-2021-3669,outputs/results/torvalds/linux/CVE-2021-3669_repo_findings.json
torvalds/linux,CVE-2021-3679,outputs/results/torvalds/linux/CVE-2021-3679_repo_findings.json
torvalds/linux,CVE-2021-3739,outputs/results/torvalds/linux/CVE-2021-3739_repo_findings.json
torvalds/linux,CVE-2021-3743,outputs/results/torvalds/linux/CVE-2021-3743_repo_findings.json
torvalds/linux,CVE-2021-3752,outputs/results/torvalds/linux/CVE-2021-3752_repo_findings.json
torvalds/linux,CVE-2021-38207,outputs/results/torvalds/linux/CVE-2021-38207_repo_findings.json
torvalds/linux,CVE-2021-39657,outputs/results/torvalds/linux/CVE-2021-39657_repo_findings.json
torvalds/linux,CVE-2021-39686,outputs/results/torvalds/linux/CVE-2021-39686_repo_findings.json
torvalds/linux,CVE-2021-4028,outputs/results/torvalds/linux/CVE-2021-4028_repo_findings.json
torvalds/linux,CVE-2021-4095,outputs/results/torvalds/linux/CVE-2021-4095_repo_findings.json
torvalds/linux,CVE-2021-4149,outputs/results/torvalds/linux/CVE-2021-4149_repo_findings.json
torvalds/linux,CVE-2021-4203,outputs/results/torvalds/linux/CVE-2021-4203_repo_findings.json
torvalds/linux,CVE-2021-4204,outputs/results/torvalds/linux/CVE-2021-4204_repo_findings.json
torvalds/linux,CVE-2021-44733,outputs/results/torvalds/linux/CVE-2021-44733_repo_findings.json
torvalds/linux,CVE-2021-45485,outputs/results/torvalds/linux/CVE-2021-45485_repo_findings.json
torvalds/linux,CVE-2021-45486,outputs/results/torvalds/linux/CVE-2021-45486_repo_findings.json
torvalds/linux,CVE-2021-46904,outputs/results/torvalds/linux/CVE-2021-46904_repo_findings.json
torvalds/linux,CVE-2021-46906,outputs/results/torvalds/linux/CVE-2021-46906_repo_findings.json
torvalds/linux,CVE-2021-46924,outputs/results/torvalds/linux/CVE-2021-46924_repo_findings.json
torvalds/linux,CVE-2021-46931,outputs/results/torvalds/linux/CVE-2021-46931_repo_findings.json
torvalds/linux,CVE-2021-46935,outputs/results/torvalds/linux/CVE-2021-46935_repo_findings.json
torvalds/linux,CVE-2021-46961,outputs/results/torvalds/linux/CVE-2021-46961_repo_findings.json
torvalds/linux,CVE-2021-46963,outputs/results/torvalds/linux/CVE-2021-46963_repo_findings.json
torvalds/linux,CVE-2021-46977,outputs/results/torvalds/linux/CVE-2021-46977_repo_findings.json
torvalds/linux,CVE-2021-46978,outputs/results/torvalds/linux/CVE-2021-46978_repo_findings.json
torvalds/linux,CVE-2021-46994,outputs/results/torvalds/linux/CVE-2021-46994_repo_findings.json
torvalds/linux,CVE-2021-46997,outputs/results/torvalds/linux/CVE-2021-46997_repo_findings.json
torvalds/linux,CVE-2021-47005,outputs/results/torvalds/linux/CVE-2021-47005_repo_findings.json
torvalds/linux,CVE-2021-47007,outputs/results/torvalds/linux/CVE-2021-47007_repo_findings.json
torvalds/linux,CVE-2021-47015,outputs/results/torvalds/linux/CVE-2021-47015_repo_findings.json
torvalds/linux,CVE-2021-47034,outputs/results/torvalds/linux/CVE-2021-47034_repo_findings.json
torvalds/linux,CVE-2021-47036,outputs/results/torvalds/linux/CVE-2021-47036_repo_findings.json
torvalds/linux,CVE-2021-47043,outputs/results/torvalds/linux/CVE-2021-47043_repo_findings.json
torvalds/linux,CVE-2021-47050,outputs/results/torvalds/linux/CVE-2021-47050_repo_findings.json
torvalds/linux,CVE-2021-47055,outputs/results/torvalds/linux/CVE-2021-47055_repo_findings.json
torvalds/linux,CVE-2021-47061,outputs/results/torvalds/linux/CVE-2021-47061_repo_findings.json
torvalds/linux,CVE-2021-47067,outputs/results/torvalds/linux/CVE-2021-47067_repo_findings.json
torvalds/linux,CVE-2021-47071,outputs/results/torvalds/linux/CVE-2021-47071_repo_findings.json
torvalds/linux,CVE-2021-47074,outputs/results/torvalds/linux/CVE-2021-47074_repo_findings.json
torvalds/linux,CVE-2021-47078,outputs/results/torvalds/linux/CVE-2021-47078_repo_findings.json
torvalds/linux,CVE-2021-47082,outputs/results/torvalds/linux/CVE-2021-47082_repo_findings.json
torvalds/linux,CVE-2021-47091,outputs/results/torvalds/linux/CVE-2021-47091_repo_findings.json
torvalds/linux,CVE-2021-47112,outputs/results/torvalds/linux/CVE-2021-47112_repo_findings.json
torvalds/linux,CVE-2021-47114,outputs/results/torvalds/linux/CVE-2021-47114_repo_findings.json
torvalds/linux,CVE-2021-47119,outputs/results/torvalds/linux/CVE-2021-47119_repo_findings.json
torvalds/linux,CVE-2021-47122,outputs/results/torvalds/linux/CVE-2021-47122_repo_findings.json
torvalds/linux,CVE-2021-47123,outputs/results/torvalds/linux/CVE-2021-47123_repo_findings.json
torvalds/linux,CVE-2021-47126,outputs/results/torvalds/linux/CVE-2021-47126_repo_findings.json
torvalds/linux,CVE-2021-47161,outputs/results/torvalds/linux/CVE-2021-47161_repo_findings.json
torvalds/linux,CVE-2021-47162,outputs/results/torvalds/linux/CVE-2021-47162_repo_findings.json
torvalds/linux,CVE-2021-47169,outputs/results/torvalds/linux/CVE-2021-47169_repo_findings.json
torvalds/linux,CVE-2021-47170,outputs/results/torvalds/linux/CVE-2021-47170_repo_findings.json
torvalds/linux,CVE-2022-0330,outputs/results/torvalds/linux/CVE-2022-0330_repo_findings.json
torvalds/linux,CVE-2022-0494,outputs/results/torvalds/linux/CVE-2022-0494_repo_findings.json
torvalds/linux,CVE-2022-1012,outputs/results/torvalds/linux/CVE-2022-1012_repo_findings.json
torvalds/linux,CVE-2022-1016,outputs/results/torvalds/linux/CVE-2022-1016_repo_findings.json
torvalds/linux,CVE-2022-1048,outputs/results/torvalds/linux/CVE-2022-1048_repo_findings.json
torvalds/linux,CVE-2022-1198,outputs/results/torvalds/linux/CVE-2022-1198_repo_findings.json
torvalds/linux,CVE-2022-1199,outputs/results/torvalds/linux/CVE-2022-1199_repo_findings.json
torvalds/linux,CVE-2022-1204,outputs/results/torvalds/linux/CVE-2022-1204_repo_findings.json
torvalds/linux,CVE-2022-1263,outputs/results/torvalds/linux/CVE-2022-1263_repo_findings.json
torvalds/linux,CVE-2022-1419,outputs/results/torvalds/linux/CVE-2022-1419_repo_findings.json
torvalds/linux,CVE-2022-1729,outputs/results/torvalds/linux/CVE-2022-1729_repo_findings.json
torvalds/linux,CVE-2022-1943,outputs/results/torvalds/linux/CVE-2022-1943_repo_findings.json
torvalds/linux,CVE-2022-20132,outputs/results/torvalds/linux/CVE-2022-20132_repo_findings.json
torvalds/linux,CVE-2022-20148,outputs/results/torvalds/linux/CVE-2022-20148_repo_findings.json
torvalds/linux,CVE-2022-20158,outputs/results/torvalds/linux/CVE-2022-20158_repo_findings.json
torvalds/linux,CVE-2022-20368,outputs/results/torvalds/linux/CVE-2022-20368_repo_findings.json
torvalds/linux,CVE-2022-20565,outputs/results/torvalds/linux/CVE-2022-20565_repo_findings.json
torvalds/linux,CVE-2022-21499,outputs/results/torvalds/linux/CVE-2022-21499_repo_findings.json
torvalds/linux,CVE-2022-2196,outputs/results/torvalds/linux/CVE-2022-2196_repo_findings.json
torvalds/linux,CVE-2022-23036,outputs/results/torvalds/linux/CVE-2022-23036_repo_findings.json
torvalds/linux,CVE-2022-23039,outputs/results/torvalds/linux/CVE-2022-23039_repo_findings.json
torvalds/linux,CVE-2022-23042,outputs/results/torvalds/linux/CVE-2022-23042_repo_findings.json
torvalds/linux,CVE-2022-24958,outputs/results/torvalds/linux/CVE-2022-24958_repo_findings.json
torvalds/linux,CVE-2022-2588,outputs/results/torvalds/linux/CVE-2022-2588_repo_findings.json
torvalds/linux,CVE-2022-27672,outputs/results/torvalds/linux/CVE-2022-27672_repo_findings.json
torvalds/linux,CVE-2022-2873,outputs/results/torvalds/linux/CVE-2022-2873_repo_findings.json
torvalds/linux,CVE-2022-28893,outputs/results/torvalds/linux/CVE-2022-28893_repo_findings.json
torvalds/linux,CVE-2022-29156,outputs/results/torvalds/linux/CVE-2022-29156_repo_findings.json
torvalds/linux,CVE-2022-2964,outputs/results/torvalds/linux/CVE-2022-2964_repo_findings.json
torvalds/linux,CVE-2022-2991,outputs/results/torvalds/linux/CVE-2022-2991_repo_findings.json
torvalds/linux,CVE-2022-3077,outputs/results/torvalds/linux/CVE-2022-3077_repo_findings.json
torvalds/linux,CVE-2022-3104,outputs/results/torvalds/linux/CVE-2022-3104_repo_findings.json
torvalds/linux,CVE-2022-33740,outputs/results/torvalds/linux/CVE-2022-33740_repo_findings.json
torvalds/linux,CVE-2022-33741,outputs/results/torvalds/linux/CVE-2022-33741_repo_findings.json
torvalds/linux,CVE-2022-33743,outputs/results/torvalds/linux/CVE-2022-33743_repo_findings.json
torvalds/linux,CVE-2022-3424,outputs/results/torvalds/linux/CVE-2022-3424_repo_findings.json
torvalds/linux,CVE-2022-3524,outputs/results/torvalds/linux/CVE-2022-3524_repo_findings.json
torvalds/linux,CVE-2022-3543,outputs/results/torvalds/linux/CVE-2022-3543_repo_findings.json
torvalds/linux,CVE-2022-3564,outputs/results/torvalds/linux/CVE-2022-3564_repo_findings.json
torvalds/linux,CVE-2022-3621,outputs/results/torvalds/linux/CVE-2022-3621_repo_findings.json
torvalds/linux,CVE-2022-3623,outputs/results/torvalds/linux/CVE-2022-3623_repo_findings.json
torvalds/linux,CVE-2022-3629,outputs/results/torvalds/linux/CVE-2022-3629_repo_findings.json
torvalds/linux,CVE-2022-36402,outputs/results/torvalds/linux/CVE-2022-36402_repo_findings.json
torvalds/linux,CVE-2022-3643,outputs/results/torvalds/linux/CVE-2022-3643_repo_findings.json
torvalds/linux,CVE-2022-3649,outputs/results/torvalds/linux/CVE-2022-3649_repo_findings.json
torvalds/linux,CVE-2022-40982,outputs/results/torvalds/linux/CVE-2022-40982_repo_findings.json
torvalds/linux,CVE-2022-41222,outputs/results/torvalds/linux/CVE-2022-41222_repo_findings.json
torvalds/linux,CVE-2022-42895,outputs/results/torvalds/linux/CVE-2022-42895_repo_findings.json
torvalds/linux,CVE-2022-42896,outputs/results/torvalds/linux/CVE-2022-42896_repo_findings.json
torvalds/linux,CVE-2022-4378,outputs/results/torvalds/linux/CVE-2022-4378_repo_findings.json
torvalds/linux,CVE-2022-4379,outputs/results/torvalds/linux/CVE-2022-4379_repo_findings.json
torvalds/linux,CVE-2022-4382,outputs/results/torvalds/linux/CVE-2022-4382_repo_findings.json
torvalds/linux,CVE-2022-45934,outputs/results/torvalds/linux/CVE-2022-45934_repo_findings.json
torvalds/linux,CVE-2022-47940,outputs/results/torvalds/linux/CVE-2022-47940_repo_findings.json
torvalds/linux,CVE-2022-47943,outputs/results/torvalds/linux/CVE-2022-47943_repo_findings.json
torvalds/linux,CVE-2022-48425,outputs/results/torvalds/linux/CVE-2022-48425_repo_findings.json
torvalds/linux,CVE-2022-48628,outputs/results/torvalds/linux/CVE-2022-48628_repo_findings.json
torvalds/linux,CVE-2023-0030,outputs/results/torvalds/linux/CVE-2023-0030_repo_findings.json
torvalds/linux,CVE-2023-0266,outputs/results/torvalds/linux/CVE-2023-0266_repo_findings.json
torvalds/linux,CVE-2023-0386,outputs/results/torvalds/linux/CVE-2023-0386_repo_findings.json
torvalds/linux,CVE-2023-1192,outputs/results/torvalds/linux/CVE-2023-1192_repo_findings.json
torvalds/linux,CVE-2023-1195,outputs/results/torvalds/linux/CVE-2023-1195_repo_findings.json
torvalds/linux,CVE-2023-1206,outputs/results/torvalds/linux/CVE-2023-1206_repo_findings.json
torvalds/linux,CVE-2023-1252,outputs/results/torvalds/linux/CVE-2023-1252_repo_findings.json
torvalds/linux,CVE-2023-1281,outputs/results/torvalds/linux/CVE-2023-1281_repo_findings.json
torvalds/linux,CVE-2023-1390,outputs/results/torvalds/linux/CVE-2023-1390_repo_findings.json
torvalds/linux,CVE-2023-1611,outputs/results/torvalds/linux/CVE-2023-1611_repo_findings.json
torvalds/linux,CVE-2023-2006,outputs/results/torvalds/linux/CVE-2023-2006_repo_findings.json
torvalds/linux,CVE-2023-2008,outputs/results/torvalds/linux/CVE-2023-2008_repo_findings.json
torvalds/linux,CVE-2023-2019,outputs/results/torvalds/linux/CVE-2023-2019_repo_findings.json
torvalds/linux,CVE-2023-20588,outputs/results/torvalds/linux/CVE-2023-20588_repo_findings.json
torvalds/linux,CVE-2023-20593,outputs/results/torvalds/linux/CVE-2023-20593_repo_findings.json
torvalds/linux,CVE-2023-2162,outputs/results/torvalds/linux/CVE-2023-2162_repo_findings.json
torvalds/linux,CVE-2023-2176,outputs/results/torvalds/linux/CVE-2023-2176_repo_findings.json
torvalds/linux,CVE-2023-23002,outputs/results/torvalds/linux/CVE-2023-23002_repo_findings.json
torvalds/linux,CVE-2023-23559,outputs/results/torvalds/linux/CVE-2023-23559_repo_findings.json
torvalds/linux,CVE-2023-2483,outputs/results/torvalds/linux/CVE-2023-2483_repo_findings.json
torvalds/linux,CVE-2023-25012,outputs/results/torvalds/linux/CVE-2023-25012_repo_findings.json
torvalds/linux,CVE-2023-2513,outputs/results/torvalds/linux/CVE-2023-2513_repo_findings.json
torvalds/linux,CVE-2023-2985,outputs/results/torvalds/linux/CVE-2023-2985_repo_findings.json
torvalds/linux,CVE-2023-3090,outputs/results/torvalds/linux/CVE-2023-3090_repo_findings.json
torvalds/linux,CVE-2023-3106,outputs/results/torvalds/linux/CVE-2023-3106_repo_findings.json
torvalds/linux,CVE-2023-31085,outputs/results/torvalds/linux/CVE-2023-31085_repo_findings.json
torvalds/linux,CVE-2023-31248,outputs/results/torvalds/linux/CVE-2023-31248_repo_findings.json
torvalds/linux,CVE-2023-3141,outputs/results/torvalds/linux/CVE-2023-3141_repo_findings.json
torvalds/linux,CVE-2023-32233,outputs/results/torvalds/linux/CVE-2023-32233_repo_findings.json
torvalds/linux,CVE-2023-33203,outputs/results/torvalds/linux/CVE-2023-33203_repo_findings.json
torvalds/linux,CVE-2023-34319,outputs/results/torvalds/linux/CVE-2023-34319_repo_findings.json
torvalds/linux,CVE-2023-35001,outputs/results/torvalds/linux/CVE-2023-35001_repo_findings.json
torvalds/linux,CVE-2023-35827,outputs/results/torvalds/linux/CVE-2023-35827_repo_findings.json
torvalds/linux,CVE-2023-35828,outputs/results/torvalds/linux/CVE-2023-35828_repo_findings.json
torvalds/linux,CVE-2023-3609,outputs/results/torvalds/linux/CVE-2023-3609_repo_findings.json
torvalds/linux,CVE-2023-3777,outputs/results/torvalds/linux/CVE-2023-3777_repo_findings.json
torvalds/linux,CVE-2023-39197,outputs/results/torvalds/linux/CVE-2023-39197_repo_findings.json
torvalds/linux,CVE-2023-4147,outputs/results/torvalds/linux/CVE-2023-4147_repo_findings.json
torvalds/linux,CVE-2023-42752,outputs/results/torvalds/linux/CVE-2023-42752_repo_findings.json
torvalds/linux,CVE-2023-4387,outputs/results/torvalds/linux/CVE-2023-4387_repo_findings.json
torvalds/linux,CVE-2023-4459,outputs/results/torvalds/linux/CVE-2023-4459_repo_findings.json
torvalds/linux,CVE-2023-45863,outputs/results/torvalds/linux/CVE-2023-45863_repo_findings.json
torvalds/linux,CVE-2023-4732,outputs/results/torvalds/linux/CVE-2023-4732_repo_findings.json
torvalds/linux,CVE-2023-4921,outputs/results/torvalds/linux/CVE-2023-4921_repo_findings.json
torvalds/linux,CVE-2023-52429,outputs/results/torvalds/linux/CVE-2023-52429_repo_findings.json
torvalds/linux,CVE-2023-52434,outputs/results/torvalds/linux/CVE-2023-52434_repo_findings.json
torvalds/linux,CVE-2023-52436,outputs/results/torvalds/linux/CVE-2023-52436_repo_findings.json
torvalds/linux,CVE-2023-52439,outputs/results/torvalds/linux/CVE-2023-52439_repo_findings.json
torvalds/linux,CVE-2023-52448,outputs/results/torvalds/linux/CVE-2023-52448_repo_findings.json
torvalds/linux,CVE-2023-52454,outputs/results/torvalds/linux/CVE-2023-52454_repo_findings.json
torvalds/linux,CVE-2023-52467,outputs/results/torvalds/linux/CVE-2023-52467_repo_findings.json
torvalds/linux,CVE-2023-52470,outputs/results/torvalds/linux/CVE-2023-52470_repo_findings.json
torvalds/linux,CVE-2023-52477,outputs/results/torvalds/linux/CVE-2023-52477_repo_findings.json
torvalds/linux,CVE-2023-52491,outputs/results/torvalds/linux/CVE-2023-52491_repo_findings.json
torvalds/linux,CVE-2023-52498,outputs/results/torvalds/linux/CVE-2023-52498_repo_findings.json
torvalds/linux,CVE-2023-52500,outputs/results/torvalds/linux/CVE-2023-52500_repo_findings.json
torvalds/linux,CVE-2023-52501,outputs/results/torvalds/linux/CVE-2023-52501_repo_findings.json
torvalds/linux,CVE-2023-52513,outputs/results/torvalds/linux/CVE-2023-52513_repo_findings.json
torvalds/linux,CVE-2023-52517,outputs/results/torvalds/linux/CVE-2023-52517_repo_findings.json
torvalds/linux,CVE-2023-52522,outputs/results/torvalds/linux/CVE-2023-52522_repo_findings.json
torvalds/linux,CVE-2023-52529,outputs/results/torvalds/linux/CVE-2023-52529_repo_findings.json
torvalds/linux,CVE-2023-52530,outputs/results/torvalds/linux/CVE-2023-52530_repo_findings.json
torvalds/linux,CVE-2023-52560,outputs/results/torvalds/linux/CVE-2023-52560_repo_findings.json
torvalds/linux,CVE-2023-52569,outputs/results/torvalds/linux/CVE-2023-52569_repo_findings.json
torvalds/linux,CVE-2023-52582,outputs/results/torvalds/linux/CVE-2023-52582_repo_findings.json
torvalds/linux,CVE-2023-52586,outputs/results/torvalds/linux/CVE-2023-52586_repo_findings.json
torvalds/linux,CVE-2023-52596,outputs/results/torvalds/linux/CVE-2023-52596_repo_findings.json
torvalds/linux,CVE-2023-52617,outputs/results/torvalds/linux/CVE-2023-52617_repo_findings.json
torvalds/linux,CVE-2023-52624,outputs/results/torvalds/linux/CVE-2023-52624_repo_findings.json
torvalds/linux,CVE-2023-52629,outputs/results/torvalds/linux/CVE-2023-52629_repo_findings.json
torvalds/linux,CVE-2023-52630,outputs/results/torvalds/linux/CVE-2023-52630_repo_findings.json
torvalds/linux,CVE-2023-52632,outputs/results/torvalds/linux/CVE-2023-52632_repo_findings.json
torvalds/linux,CVE-2023-6040,outputs/results/torvalds/linux/CVE-2023-6040_repo_findings.json
torvalds/linux,CVE-2023-6546,outputs/results/torvalds/linux/CVE-2023-6546_repo_findings.json
torvalds/linux,CVE-2024-0582,outputs/results/torvalds/linux/CVE-2024-0582_repo_findings.json
torvalds/linux,CVE-2024-0607,outputs/results/torvalds/linux/CVE-2024-0607_repo_findings.json
torvalds/linux,CVE-2024-1086,outputs/results/torvalds/linux/CVE-2024-1086_repo_findings.json
torvalds/linux,CVE-2024-1151,outputs/results/torvalds/linux/CVE-2024-1151_repo_findings.json
torvalds/linux,CVE-2024-26583,outputs/results/torvalds/linux/CVE-2024-26583_repo_findings.json
torvalds/linux,CVE-2024-26584,outputs/results/torvalds/linux/CVE-2024-26584_repo_findings.json
torvalds/linux,CVE-2024-26588,outputs/results/torvalds/linux/CVE-2024-26588_repo_findings.json
torvalds/linux,CVE-2024-26594,outputs/results/torvalds/linux/CVE-2024-26594_repo_findings.json
torvalds/linux,CVE-2024-26598,outputs/results/torvalds/linux/CVE-2024-26598_repo_findings.json
torvalds/linux,CVE-2024-26607,outputs/results/torvalds/linux/CVE-2024-26607_repo_findings.json
torvalds/linux,CVE-2024-26614,outputs/results/torvalds/linux/CVE-2024-26614_repo_findings.json
torvalds/linux,CVE-2024-26620,outputs/results/torvalds/linux/CVE-2024-26620_repo_findings.json
torvalds/linux,CVE-2024-26644,outputs/results/torvalds/linux/CVE-2024-26644_repo_findings.json
torvalds/linux,CVE-2024-26659,outputs/results/torvalds/linux/CVE-2024-26659_repo_findings.json
torvalds/linux,CVE-2024-26667,outputs/results/torvalds/linux/CVE-2024-26667_repo_findings.json
torvalds/linux,CVE-2024-26669,outputs/results/torvalds/linux/CVE-2024-26669_repo_findings.json
torvalds/linux,CVE-2024-26686,outputs/results/torvalds/linux/CVE-2024-26686_repo_findings.json
torvalds/linux,CVE-2024-26696,outputs/results/torvalds/linux/CVE-2024-26696_repo_findings.json
torvalds/linux,CVE-2024-26697,outputs/results/torvalds/linux/CVE-2024-26697_repo_findings.json
torvalds/linux,CVE-2024-26698,outputs/results/torvalds/linux/CVE-2024-26698_repo_findings.json
torvalds/linux,CVE-2024-26707,outputs/results/torvalds/linux/CVE-2024-26707_repo_findings.json
torvalds/linux,CVE-2024-26715,outputs/results/torvalds/linux/CVE-2024-26715_repo_findings.json
torvalds/linux,CVE-2024-26718,outputs/results/torvalds/linux/CVE-2024-26718_repo_findings.json
torvalds/linux,CVE-2024-26731,outputs/results/torvalds/linux/CVE-2024-26731_repo_findings.json
torvalds/linux,CVE-2024-26733,outputs/results/torvalds/linux/CVE-2024-26733_repo_findings.json
torvalds/linux,CVE-2024-26775,outputs/results/torvalds/linux/CVE-2024-26775_repo_findings.json
uclouvain/openjpeg,CVE-2020-15389,outputs/results/uclouvain/openjpeg/CVE-2020-15389_repo_findings.json
uclouvain/openjpeg,CVE-2020-27841,outputs/results/uclouvain/openjpeg/CVE-2020-27841_repo_findings.json
uclouvain/openjpeg,CVE-2020-27843,outputs/results/uclouvain/openjpeg/CVE-2020-27843_repo_findings.json
uclouvain/openjpeg,CVE-2020-27845,outputs/results/uclouvain/openjpeg/CVE-2020-27845_repo_findings.json
uclouvain/openjpeg,CVE-2021-29338,outputs/results/uclouvain/openjpeg/CVE-2021-29338_repo_findings.json
wireshark/wireshark,CVE-2020-17498,outputs/results/wireshark/wireshark/CVE-2020-17498_repo_findings.json
wireshark/wireshark,CVE-2020-25863,outputs/results/wireshark/wireshark/CVE-2020-25863_repo_findings.json
wireshark/wireshark,CVE-2020-25866,outputs/results/wireshark/wireshark/CVE-2020-25866_repo_findings.json
wireshark/wireshark,CVE-2020-26575,outputs/results/wireshark/wireshark/CVE-2020-26575_repo_findings.json
wireshark/wireshark,CVE-2020-7045,outputs/results/wireshark/wireshark/CVE-2020-7045_repo_findings.json
wireshark/wireshark,CVE-2020-9429,outputs/results/wireshark/wireshark/CVE-2020-9429_repo_findings.json
wireshark/wireshark,CVE-2020-9431,outputs/results/wireshark/wireshark/CVE-2020-9431_repo_findings.json
wireshark/wireshark,CVE-2021-22207,outputs/results/wireshark/wireshark/CVE-2021-22207_repo_findings.json
wireshark/wireshark,CVE-2021-39923,outputs/results/wireshark/wireshark/CVE-2021-39923_repo_findings.json
wireshark/wireshark,CVE-2021-39925,outputs/results/wireshark/wireshark/CVE-2021-39925_repo_findings.json
wireshark/wireshark,CVE-2021-39928,outputs/results/wireshark/wireshark/CVE-2021-39928_repo_findings.json
wireshark/wireshark,CVE-2021-4182,outputs/results/wireshark/wireshark/CVE-2021-4182_repo_findings.json
wireshark/wireshark,CVE-2021-4186,outputs/results/wireshark/wireshark/CVE-2021-4186_repo_findings.json
wireshark/wireshark,CVE-2022-0581,outputs/results/wireshark/wireshark/CVE-2022-0581_repo_findings.json
wireshark/wireshark,CVE-2022-0583,outputs/results/wireshark/wireshark/CVE-2022-0583_repo_findings.json
wireshark/wireshark,CVE-2022-0586,outputs/results/wireshark/wireshark/CVE-2022-0586_repo_findings.json
wireshark/wireshark,CVE-2024-24476,outputs/results/wireshark/wireshark/CVE-2024-24476_repo_findings.json
wireshark/wireshark,CVE-2024-24478,outputs/results/wireshark/wireshark/CVE-2024-24478_repo_findings.json
apache/httpd,CVE-2020-11993,outputs/results/apache/httpd/CVE-2020-11993_repo_findings.json
apache/httpd,CVE-2020-13950,outputs/results/apache/httpd/CVE-2020-13950_repo_findings.json
apache/httpd,CVE-2020-1927,outputs/results/apache/httpd/CVE-2020-1927_repo_findings.json
apache/httpd,CVE-2020-1934,outputs/results/apache/httpd/CVE-2020-1934_repo_findings.json
apache/httpd,CVE-2021-26690,outputs/results/apache/httpd/CVE-2021-26690_repo_findings.json
apache/httpd,CVE-2021-26691,outputs/results/apache/httpd/CVE-2021-26691_repo_findings.json
apache/httpd,CVE-2021-30641,outputs/results/apache/httpd/CVE-2021-30641_repo_findings.json
apache/httpd,CVE-2021-39275,outputs/results/apache/httpd/CVE-2021-39275_repo_findings.json
apache/httpd,CVE-2021-41773,outputs/results/apache/httpd/CVE-2021-41773_repo_findings.json
apache/httpd,CVE-2021-44224,outputs/results/apache/httpd/CVE-2021-44224_repo_findings.json
apache/httpd,CVE-2021-44790,outputs/results/apache/httpd/CVE-2021-44790_repo_findings.json
apache/httpd,CVE-2022-22720,outputs/results/apache/httpd/CVE-2022-22720_repo_findings.json
apache/httpd,CVE-2022-22721,outputs/results/apache/httpd/CVE-2022-22721_repo_findings.json
apache/httpd,CVE-2022-28615,outputs/results/apache/httpd/CVE-2022-28615_repo_findings.json
apache/httpd,OSV-2021-1577,outputs/results/apache/httpd/OSV-2021-1577_repo_findings.json
curl/curl,CVE-2022-27779,outputs/results/curl/curl/CVE-2022-27779_repo_findings.json
curl/curl,CVE-2022-27781,outputs/results/curl/curl/CVE-2022-27781_repo_findings.json
curl/curl,CVE-2022-30115,outputs/results/curl/curl/CVE-2022-30115_repo_findings.json
curl/curl,CVE-2024-0853,outputs/results/curl/curl/CVE-2024-0853_repo_findings.json
curl/curl,CVE-2024-2379,outputs/results/curl/curl/CVE-2024-2379_repo_findings.json
curl/curl,CVE-2024-6874,outputs/results/curl/curl/CVE-2024-6874_repo_findings.json
curl/curl,OSV-2020-600,outputs/results/curl/curl/OSV-2020-600_repo_findings.json
curl/curl,OSV-2022-1046,outputs/results/curl/curl/OSV-2022-1046_repo_findings.json
curl/curl,OSV-2022-1065,outputs/results/curl/curl/OSV-2022-1065_repo_findings.json
curl/curl,OSV-2022-450,outputs/results/curl/curl/OSV-2022-450_repo_findings.json
FFmpeg/FFmpeg,CVE-2020-13904,outputs/results/FFmpeg/FFmpeg/CVE-2020-13904_repo_findings.json
FFmpeg/FFmpeg,CVE-2020-14212,outputs/results/FFmpeg/FFmpeg/CVE-2020-14212_repo_findings.json
FFmpeg/FFmpeg,CVE-2020-22016,outputs/results/FFmpeg/FFmpeg/CVE-2020-22016_repo_findings.json
FFmpeg/FFmpeg,CVE-2020-22019,outputs/results/FFmpeg/FFmpeg/CVE-2020-22019_repo_findings.json
FFmpeg/FFmpeg,CVE-2020-22025,outputs/results/FFmpeg/FFmpeg/CVE-2020-22025_repo_findings.json
FFmpeg/FFmpeg,CVE-2020-22026,outputs/results/FFmpeg/FFmpeg/CVE-2020-22026_repo_findings.json
FFmpeg/FFmpeg,CVE-2020-22027,outputs/results/FFmpeg/FFmpeg/CVE-2020-22027_repo_findings.json
FFmpeg/FFmpeg,CVE-2020-22029,outputs/results/FFmpeg/FFmpeg/CVE-2020-22029_repo_findings.json
FFmpeg/FFmpeg,CVE-2020-22031,outputs/results/FFmpeg/FFmpeg/CVE-2020-22031_repo_findings.json
FFmpeg/FFmpeg,CVE-2020-22032,outputs/results/FFmpeg/FFmpeg/CVE-2020-22032_repo_findings.json
FFmpeg/FFmpeg,CVE-2020-22046,outputs/results/FFmpeg/FFmpeg/CVE-2020-22046_repo_findings.json
FFmpeg/FFmpeg,CVE-2020-22048,outputs/results/FFmpeg/FFmpeg/CVE-2020-22048_repo_findings.json
FFmpeg/FFmpeg,CVE-2020-24020,outputs/results/FFmpeg/FFmpeg/CVE-2020-24020_repo_findings.json
FFmpeg/FFmpeg,CVE-2020-24995,outputs/results/FFmpeg/FFmpeg/CVE-2020-24995_repo_findings.json
FFmpeg/FFmpeg,CVE-2021-33815,outputs/results/FFmpeg/FFmpeg/CVE-2021-33815_repo_findings.json
FFmpeg/FFmpeg,CVE-2021-38291,outputs/results/FFmpeg/FFmpeg/CVE-2021-38291_repo_findings.json
FFmpeg/FFmpeg,CVE-2022-1475,outputs/results/FFmpeg/FFmpeg/CVE-2022-1475_repo_findings.json
FFmpeg/FFmpeg,CVE-2022-2566,outputs/results/FFmpeg/FFmpeg/CVE-2022-2566_repo_findings.json
FFmpeg/FFmpeg,CVE-2022-3965,outputs/results/FFmpeg/FFmpeg/CVE-2022-3965_repo_findings.json
FFmpeg/FFmpeg,CVE-2023-47470,outputs/results/FFmpeg/FFmpeg/CVE-2023-47470_repo_findings.json
FFmpeg/FFmpeg,CVE-2023-50008,outputs/results/FFmpeg/FFmpeg/CVE-2023-50008_repo_findings.json
FFmpeg/FFmpeg,CVE-2024-22862,outputs/results/FFmpeg/FFmpeg/CVE-2024-22862_repo_findings.json
FFmpeg/FFmpeg,CVE-2024-31581,outputs/results/FFmpeg/FFmpeg/CVE-2024-31581_repo_findings.json
FFmpeg/FFmpeg,CVE-2024-31582,outputs/results/FFmpeg/FFmpeg/CVE-2024-31582_repo_findings.json
FFmpeg/FFmpeg,CVE-2024-35369,outputs/results/FFmpeg/FFmpeg/CVE-2024-35369_repo_findings.json
FFmpeg/FFmpeg,CVE-2024-36613,outputs/results/FFmpeg/FFmpeg/CVE-2024-36613_repo_findings.json
FFmpeg/FFmpeg,CVE-2024-36615,outputs/results/FFmpeg/FFmpeg/CVE-2024-36615_repo_findings.json
FFmpeg/FFmpeg,CVE-2024-36616,outputs/results/FFmpeg/FFmpeg/CVE-2024-36616_repo_findings.json
FFmpeg/FFmpeg,CVE-2024-36617,outputs/results/FFmpeg/FFmpeg/CVE-2024-36617_repo_findings.json
FFmpeg/FFmpeg,CVE-2024-36619,outputs/results/FFmpeg/FFmpeg/CVE-2024-36619_repo_findings.json
FreeRDP/FreeRDP,CVE-2018-1000852,outputs/results/FreeRDP/FreeRDP/CVE-2018-1000852_repo_findings.json
FreeRDP/FreeRDP,CVE-2018-8784,outputs/results/FreeRDP/FreeRDP/CVE-2018-8784_repo_findings.json
FreeRDP/FreeRDP,CVE-2018-8785,outputs/results/FreeRDP/FreeRDP/CVE-2018-8785_repo_findings.json
FreeRDP/FreeRDP,CVE-2018-8786,outputs/results/FreeRDP/FreeRDP/CVE-2018-8786_repo_findings.json
FreeRDP/FreeRDP,CVE-2018-8787,outputs/results/FreeRDP/FreeRDP/CVE-2018-8787_repo_findings.json
FreeRDP/FreeRDP,CVE-2018-8788,outputs/results/FreeRDP/FreeRDP/CVE-2018-8788_repo_findings.json
FreeRDP/FreeRDP,CVE-2018-8789,outputs/results/FreeRDP/FreeRDP/CVE-2018-8789_repo_findings.json
FreeRDP/FreeRDP,CVE-2019-17177,outputs/results/FreeRDP/FreeRDP/CVE-2019-17177_repo_findings.json
FreeRDP/FreeRDP,CVE-2020-11045,outputs/results/FreeRDP/FreeRDP/CVE-2020-11045_repo_findings.json
FreeRDP/FreeRDP,CVE-2020-11048,outputs/results/FreeRDP/FreeRDP/CVE-2020-11048_repo_findings.json
FreeRDP/FreeRDP,CVE-2020-11085,outputs/results/FreeRDP/FreeRDP/CVE-2020-11085_repo_findings.json
FreeRDP/FreeRDP,CVE-2020-11087,outputs/results/FreeRDP/FreeRDP/CVE-2020-11087_repo_findings.json
FreeRDP/FreeRDP,CVE-2020-11096,outputs/results/FreeRDP/FreeRDP/CVE-2020-11096_repo_findings.json
FreeRDP/FreeRDP,CVE-2020-11098,outputs/results/FreeRDP/FreeRDP/CVE-2020-11098_repo_findings.json
FreeRDP/FreeRDP,CVE-2020-13398,outputs/results/FreeRDP/FreeRDP/CVE-2020-13398_repo_findings.json
FreeRDP/FreeRDP,CVE-2020-4031,outputs/results/FreeRDP/FreeRDP/CVE-2020-4031_repo_findings.json
FreeRDP/FreeRDP,CVE-2022-39318,outputs/results/FreeRDP/FreeRDP/CVE-2022-39318_repo_findings.json
FreeRDP/FreeRDP,CVE-2022-39319,outputs/results/FreeRDP/FreeRDP/CVE-2022-39319_repo_findings.json
FreeRDP/FreeRDP,CVE-2022-39347,outputs/results/FreeRDP/FreeRDP/CVE-2022-39347_repo_findings.json
FreeRDP/FreeRDP,CVE-2023-39350,outputs/results/FreeRDP/FreeRDP/CVE-2023-39350_repo_findings.json
FreeRDP/FreeRDP,CVE-2024-22211,outputs/results/FreeRDP/FreeRDP/CVE-2024-22211_repo_findings.json
FreeRDP/FreeRDP,CVE-2024-32659,outputs/results/FreeRDP/FreeRDP/CVE-2024-32659_repo_findings.json
FreeRDP/FreeRDP,CVE-2024-32661,outputs/results/FreeRDP/FreeRDP/CVE-2024-32661_repo_findings.json
gnutls/gnutls,CVE-2015-0294,outputs/results/gnutls/gnutls/CVE-2015-0294_repo_findings.json
gnutls/gnutls,CVE-2015-3308,outputs/results/gnutls/gnutls/CVE-2015-3308_repo_findings.json
gnutls/gnutls,CVE-2015-6251,outputs/results/gnutls/gnutls/CVE-2015-6251_repo_findings.json
gnutls/gnutls,CVE-2016-7444,outputs/results/gnutls/gnutls/CVE-2016-7444_repo_findings.json
gnutls/gnutls,CVE-2017-5334,outputs/results/gnutls/gnutls/CVE-2017-5334_repo_findings.json
gnutls/gnutls,CVE-2017-5335,outputs/results/gnutls/gnutls/CVE-2017-5335_repo_findings.json
gnutls/gnutls,CVE-2017-5336,outputs/results/gnutls/gnutls/CVE-2017-5336_repo_findings.json
gnutls/gnutls,CVE-2017-5337,outputs/results/gnutls/gnutls/CVE-2017-5337_repo_findings.json
gnutls/gnutls,CVE-2017-7869,outputs/results/gnutls/gnutls/CVE-2017-7869_repo_findings.json
gnutls/gnutls,CVE-2021-4209,outputs/results/gnutls/gnutls/CVE-2021-4209_repo_findings.json
gnutls/gnutls,OSV-2017-138,outputs/results/gnutls/gnutls/OSV-2017-138_repo_findings.json
gnutls/gnutls,OSV-2017-62,outputs/results/gnutls/gnutls/OSV-2017-62_repo_findings.json
gpac/gpac,CVE-2018-13006,outputs/results/gpac/gpac/CVE-2018-13006_repo_findings.json
gpac/gpac,CVE-2018-20763,outputs/results/gpac/gpac/CVE-2018-20763_repo_findings.json
gpac/gpac,CVE-2018-21017,outputs/results/gpac/gpac/CVE-2018-21017_repo_findings.json
gpac/gpac,CVE-2018-7752,outputs/results/gpac/gpac/CVE-2018-7752_repo_findings.json
gpac/gpac,CVE-2019-11222,outputs/results/gpac/gpac/CVE-2019-11222_repo_findings.json
gpac/gpac,CVE-2019-20628,outputs/results/gpac/gpac/CVE-2019-20628_repo_findings.json
gpac/gpac,CVE-2020-19481,outputs/results/gpac/gpac/CVE-2020-19481_repo_findings.json
gpac/gpac,CVE-2020-19488,outputs/results/gpac/gpac/CVE-2020-19488_repo_findings.json
gpac/gpac,CVE-2020-23931,outputs/results/gpac/gpac/CVE-2020-23931_repo_findings.json
gpac/gpac,CVE-2020-23932,outputs/results/gpac/gpac/CVE-2020-23932_repo_findings.json
gpac/gpac,CVE-2020-35979,outputs/results/gpac/gpac/CVE-2020-35979_repo_findings.json
gpac/gpac,CVE-2020-35980,outputs/results/gpac/gpac/CVE-2020-35980_repo_findings.json
gpac/gpac,CVE-2021-29279,outputs/results/gpac/gpac/CVE-2021-29279_repo_findings.json
gpac/gpac,CVE-2021-30014,outputs/results/gpac/gpac/CVE-2021-30014_repo_findings.json
gpac/gpac,CVE-2021-30015,outputs/results/gpac/gpac/CVE-2021-30015_repo_findings.json
gpac/gpac,CVE-2021-31255,outputs/results/gpac/gpac/CVE-2021-31255_repo_findings.json
gpac/gpac,CVE-2021-31256,outputs/results/gpac/gpac/CVE-2021-31256_repo_findings.json
gpac/gpac,CVE-2021-31257,outputs/results/gpac/gpac/CVE-2021-31257_repo_findings.json
gpac/gpac,CVE-2021-31258,outputs/results/gpac/gpac/CVE-2021-31258_repo_findings.json
gpac/gpac,CVE-2021-31260,outputs/results/gpac/gpac/CVE-2021-31260_repo_findings.json
gpac/gpac,CVE-2021-31261,outputs/results/gpac/gpac/CVE-2021-31261_repo_findings.json
gpac/gpac,CVE-2021-32136,outputs/results/gpac/gpac/CVE-2021-32136_repo_findings.json
gpac/gpac,CVE-2021-32137,outputs/results/gpac/gpac/CVE-2021-32137_repo_findings.json
gpac/gpac,CVE-2021-32268,outputs/results/gpac/gpac/CVE-2021-32268_repo_findings.json
gpac/gpac,CVE-2021-32437,outputs/results/gpac/gpac/CVE-2021-32437_repo_findings.json
gpac/gpac,CVE-2021-33361,outputs/results/gpac/gpac/CVE-2021-33361_repo_findings.json
gpac/gpac,CVE-2021-33363,outputs/results/gpac/gpac/CVE-2021-33363_repo_findings.json
gpac/gpac,CVE-2021-33365,outputs/results/gpac/gpac/CVE-2021-33365_repo_findings.json
gpac/gpac,CVE-2021-4043,outputs/results/gpac/gpac/CVE-2021-4043_repo_findings.json
gpac/gpac,CVE-2021-40562,outputs/results/gpac/gpac/CVE-2021-40562_repo_findings.json
gpac/gpac,CVE-2021-40563,outputs/results/gpac/gpac/CVE-2021-40563_repo_findings.json
gpac/gpac,CVE-2021-40564,outputs/results/gpac/gpac/CVE-2021-40564_repo_findings.json
gpac/gpac,CVE-2021-40565,outputs/results/gpac/gpac/CVE-2021-40565_repo_findings.json
gpac/gpac,CVE-2021-40567,outputs/results/gpac/gpac/CVE-2021-40567_repo_findings.json
gpac/gpac,CVE-2021-40568,outputs/results/gpac/gpac/CVE-2021-40568_repo_findings.json
gpac/gpac,CVE-2021-40571,outputs/results/gpac/gpac/CVE-2021-40571_repo_findings.json
gpac/gpac,CVE-2021-40574,outputs/results/gpac/gpac/CVE-2021-40574_repo_findings.json
gpac/gpac,CVE-2021-40576,outputs/results/gpac/gpac/CVE-2021-40576_repo_findings.json
gpac/gpac,CVE-2022-1035,outputs/results/gpac/gpac/CVE-2022-1035_repo_findings.json
gpac/gpac,CVE-2022-1441,outputs/results/gpac/gpac/CVE-2022-1441_repo_findings.json
gpac/gpac,CVE-2022-1795,outputs/results/gpac/gpac/CVE-2022-1795_repo_findings.json
gpac/gpac,CVE-2022-2453,outputs/results/gpac/gpac/CVE-2022-2453_repo_findings.json
gpac/gpac,CVE-2022-2454,outputs/results/gpac/gpac/CVE-2022-2454_repo_findings.json
gpac/gpac,CVE-2022-3222,outputs/results/gpac/gpac/CVE-2022-3222_repo_findings.json
gpac/gpac,CVE-2022-4202,outputs/results/gpac/gpac/CVE-2022-4202_repo_findings.json
gpac/gpac,CVE-2023-0818,outputs/results/gpac/gpac/CVE-2023-0818_repo_findings.json
gpac/gpac,CVE-2023-0866,outputs/results/gpac/gpac/CVE-2023-0866_repo_findings.json
gpac/gpac,CVE-2023-23143,outputs/results/gpac/gpac/CVE-2023-23143_repo_findings.json
gpac/gpac,CVE-2023-23144,outputs/results/gpac/gpac/CVE-2023-23144_repo_findings.json
gpac/gpac,CVE-2023-23145,outputs/results/gpac/gpac/CVE-2023-23145_repo_findings.json
gpac/gpac,CVE-2023-2839,outputs/results/gpac/gpac/CVE-2023-2839_repo_findings.json
gpac/gpac,CVE-2023-3012,outputs/results/gpac/gpac/CVE-2023-3012_repo_findings.json
gpac/gpac,CVE-2023-3013,outputs/results/gpac/gpac/CVE-2023-3013_repo_findings.json
gpac/gpac,CVE-2023-3523,outputs/results/gpac/gpac/CVE-2023-3523_repo_findings.json
gpac/gpac,CVE-2023-46001,outputs/results/gpac/gpac/CVE-2023-46001_repo_findings.json
gpac/gpac,CVE-2023-4678,outputs/results/gpac/gpac/CVE-2023-4678_repo_findings.json
gpac/gpac,CVE-2023-4681,outputs/results/gpac/gpac/CVE-2023-4681_repo_findings.json
gpac/gpac,CVE-2023-4683,outputs/results/gpac/gpac/CVE-2023-4683_repo_findings.json
gpac/gpac,CVE-2023-46928,outputs/results/gpac/gpac/CVE-2023-46928_repo_findings.json
gpac/gpac,CVE-2023-46929,outputs/results/gpac/gpac/CVE-2023-46929_repo_findings.json
gpac/gpac,CVE-2023-4720,outputs/results/gpac/gpac/CVE-2023-4720_repo_findings.json
gpac/gpac,CVE-2023-4721,outputs/results/gpac/gpac/CVE-2023-4721_repo_findings.json
gpac/gpac,CVE-2023-4722,outputs/results/gpac/gpac/CVE-2023-4722_repo_findings.json
gpac/gpac,CVE-2023-4754,outputs/results/gpac/gpac/CVE-2023-4754_repo_findings.json
gpac/gpac,CVE-2023-4756,outputs/results/gpac/gpac/CVE-2023-4756_repo_findings.json
gpac/gpac,CVE-2023-4758,outputs/results/gpac/gpac/CVE-2023-4758_repo_findings.json
gpac/gpac,CVE-2023-4778,outputs/results/gpac/gpac/CVE-2023-4778_repo_findings.json
gpac/gpac,CVE-2023-48013,outputs/results/gpac/gpac/CVE-2023-48013_repo_findings.json
gpac/gpac,CVE-2023-5377,outputs/results/gpac/gpac/CVE-2023-5377_repo_findings.json
gpac/gpac,CVE-2023-5520,outputs/results/gpac/gpac/CVE-2023-5520_repo_findings.json
gpac/gpac,CVE-2023-5998,outputs/results/gpac/gpac/CVE-2023-5998_repo_findings.json
gpac/gpac,CVE-2024-0321,outputs/results/gpac/gpac/CVE-2024-0321_repo_findings.json
gpac/gpac,CVE-2024-24267,outputs/results/gpac/gpac/CVE-2024-24267_repo_findings.json
gpac/gpac,CVE-2024-6062,outputs/results/gpac/gpac/CVE-2024-6062_repo_findings.json
gpac/gpac,CVE-2024-6063,outputs/results/gpac/gpac/CVE-2024-6063_repo_findings.json
gpac/gpac,CVE-2024-6064,outputs/results/gpac/gpac/CVE-2024-6064_repo_findings.json
gpac/gpac,OSV-2024-142,outputs/results/gpac/gpac/OSV-2024-142_repo_findings.json
gpac/gpac,OSV-2024-156,outputs/results/gpac/gpac/OSV-2024-156_repo_findings.json
gpac/gpac,OSV-2024-627,outputs/results/gpac/gpac/OSV-2024-627_repo_findings.json
gpac/gpac,OSV-2024-68,outputs/results/gpac/gpac/OSV-2024-68_repo_findings.json
ImageMagick/ImageMagick,CVE-2015-8894,outputs/results/ImageMagick/ImageMagick/CVE-2015-8894_repo_findings.json
ImageMagick/ImageMagick,CVE-2015-8897,outputs/results/ImageMagick/ImageMagick/CVE-2015-8897_repo_findings.json
ImageMagick/ImageMagick,CVE-2015-8900,outputs/results/ImageMagick/ImageMagick/CVE-2015-8900_repo_findings.json
ImageMagick/ImageMagick,CVE-2015-8957,outputs/results/ImageMagick/ImageMagick/CVE-2015-8957_repo_findings.json
ImageMagick/ImageMagick,CVE-2015-8958,outputs/results/ImageMagick/ImageMagick/CVE-2015-8958_repo_findings.json
ImageMagick/ImageMagick,CVE-2015-8959,outputs/results/ImageMagick/ImageMagick/CVE-2015-8959_repo_findings.json
ImageMagick/ImageMagick,CVE-2016-10049,outputs/results/ImageMagick/ImageMagick/CVE-2016-10049_repo_findings.json
ImageMagick/ImageMagick,CVE-2016-10050,outputs/results/ImageMagick/ImageMagick/CVE-2016-10050_repo_findings.json
ImageMagick/ImageMagick,CVE-2016-10052,outputs/results/ImageMagick/ImageMagick/CVE-2016-10052_repo_findings.json
ImageMagick/ImageMagick,CVE-2016-10053,outputs/results/ImageMagick/ImageMagick/CVE-2016-10053_repo_findings.json
ImageMagick/ImageMagick,CVE-2016-10060,outputs/results/ImageMagick/ImageMagick/CVE-2016-10060_repo_findings.json
ImageMagick/ImageMagick,CVE-2016-10061,outputs/results/ImageMagick/ImageMagick/CVE-2016-10061_repo_findings.json
ImageMagick/ImageMagick,CVE-2016-10063,outputs/results/ImageMagick/ImageMagick/CVE-2016-10063_repo_findings.json
ImageMagick/ImageMagick,CVE-2016-10064,outputs/results/ImageMagick/ImageMagick/CVE-2016-10064_repo_findings.json
ImageMagick/ImageMagick,CVE-2016-10065,outputs/results/ImageMagick/ImageMagick/CVE-2016-10065_repo_findings.json
ImageMagick/ImageMagick,CVE-2016-10070,outputs/results/ImageMagick/ImageMagick/CVE-2016-10070_repo_findings.json
ImageMagick/ImageMagick,CVE-2016-10071,outputs/results/ImageMagick/ImageMagick/CVE-2016-10071_repo_findings.json
ImageMagick/ImageMagick,CVE-2016-4562,outputs/results/ImageMagick/ImageMagick/CVE-2016-4562_repo_findings.json
ImageMagick/ImageMagick,CVE-2016-5688,outputs/results/ImageMagick/ImageMagick/CVE-2016-5688_repo_findings.json
ImageMagick/ImageMagick,CVE-2016-5841,outputs/results/ImageMagick/ImageMagick/CVE-2016-5841_repo_findings.json
ImageMagick/ImageMagick,CVE-2016-6491,outputs/results/ImageMagick/ImageMagick/CVE-2016-6491_repo_findings.json
ImageMagick/ImageMagick,CVE-2016-6823,outputs/results/ImageMagick/ImageMagick/CVE-2016-6823_repo_findings.json
ImageMagick/ImageMagick,CVE-2016-7101,outputs/results/ImageMagick/ImageMagick/CVE-2016-7101_repo_findings.json
ImageMagick/ImageMagick,CVE-2016-7514,outputs/results/ImageMagick/ImageMagick/CVE-2016-7514_repo_findings.json
ImageMagick/ImageMagick,CVE-2016-7515,outputs/results/ImageMagick/ImageMagick/CVE-2016-7515_repo_findings.json
ImageMagick/ImageMagick,CVE-2016-7520,outputs/results/ImageMagick/ImageMagick/CVE-2016-7520_repo_findings.json
ImageMagick/ImageMagick,CVE-2016-7521,outputs/results/ImageMagick/ImageMagick/CVE-2016-7521_repo_findings.json
ImageMagick/ImageMagick,CVE-2016-7522,outputs/results/ImageMagick/ImageMagick/CVE-2016-7522_repo_findings.json
ImageMagick/ImageMagick,CVE-2016-7524,outputs/results/ImageMagick/ImageMagick/CVE-2016-7524_repo_findings.json
ImageMagick/ImageMagick,CVE-2016-7525,outputs/results/ImageMagick/ImageMagick/CVE-2016-7525_repo_findings.json
ImageMagick/ImageMagick,CVE-2016-7526,outputs/results/ImageMagick/ImageMagick/CVE-2016-7526_repo_findings.json
ImageMagick/ImageMagick,CVE-2016-7527,outputs/results/ImageMagick/ImageMagick/CVE-2016-7527_repo_findings.json
ImageMagick/ImageMagick,CVE-2016-7528,outputs/results/ImageMagick/ImageMagick/CVE-2016-7528_repo_findings.json
ImageMagick/ImageMagick,CVE-2016-7529,outputs/results/ImageMagick/ImageMagick/CVE-2016-7529_repo_findings.json
ImageMagick/ImageMagick,CVE-2016-7530,outputs/results/ImageMagick/ImageMagick/CVE-2016-7530_repo_findings.json
ImageMagick/ImageMagick,CVE-2016-7532,outputs/results/ImageMagick/ImageMagick/CVE-2016-7532_repo_findings.json
ImageMagick/ImageMagick,CVE-2016-7533,outputs/results/ImageMagick/ImageMagick/CVE-2016-7533_repo_findings.json
ImageMagick/ImageMagick,CVE-2016-7534,outputs/results/ImageMagick/ImageMagick/CVE-2016-7534_repo_findings.json
ImageMagick/ImageMagick,CVE-2016-7536,outputs/results/ImageMagick/ImageMagick/CVE-2016-7536_repo_findings.json
ImageMagick/ImageMagick,CVE-2016-7537,outputs/results/ImageMagick/ImageMagick/CVE-2016-7537_repo_findings.json
ImageMagick/ImageMagick,CVE-2016-7538,outputs/results/ImageMagick/ImageMagick/CVE-2016-7538_repo_findings.json
ImageMagick/ImageMagick,CVE-2016-7799,outputs/results/ImageMagick/ImageMagick/CVE-2016-7799_repo_findings.json
ImageMagick/ImageMagick,CVE-2016-8677,outputs/results/ImageMagick/ImageMagick/CVE-2016-8677_repo_findings.json
ImageMagick/ImageMagick,CVE-2016-9298,outputs/results/ImageMagick/ImageMagick/CVE-2016-9298_repo_findings.json
ImageMagick/ImageMagick,CVE-2016-9556,outputs/results/ImageMagick/ImageMagick/CVE-2016-9556_repo_findings.json
ImageMagick/ImageMagick,CVE-2016-9559,outputs/results/ImageMagick/ImageMagick/CVE-2016-9559_repo_findings.json
ImageMagick/ImageMagick,CVE-2017-11447,outputs/results/ImageMagick/ImageMagick/CVE-2017-11447_repo_findings.json
ImageMagick/ImageMagick,CVE-2017-11448,outputs/results/ImageMagick/ImageMagick/CVE-2017-11448_repo_findings.json
ImageMagick/ImageMagick,CVE-2017-11522,outputs/results/ImageMagick/ImageMagick/CVE-2017-11522_repo_findings.json
ImageMagick/ImageMagick,CVE-2017-12427,outputs/results/ImageMagick/ImageMagick/CVE-2017-12427_repo_findings.json
ImageMagick/ImageMagick,CVE-2017-12644,outputs/results/ImageMagick/ImageMagick/CVE-2017-12644_repo_findings.json
ImageMagick/ImageMagick,CVE-2017-12662,outputs/results/ImageMagick/ImageMagick/CVE-2017-12662_repo_findings.json
ImageMagick/ImageMagick,CVE-2017-12663,outputs/results/ImageMagick/ImageMagick/CVE-2017-12663_repo_findings.json
ImageMagick/ImageMagick,CVE-2017-12664,outputs/results/ImageMagick/ImageMagick/CVE-2017-12664_repo_findings.json
ImageMagick/ImageMagick,CVE-2017-12665,outputs/results/ImageMagick/ImageMagick/CVE-2017-12665_repo_findings.json
ImageMagick/ImageMagick,CVE-2017-12666,outputs/results/ImageMagick/ImageMagick/CVE-2017-12666_repo_findings.json
ImageMagick/ImageMagick,CVE-2017-12667,outputs/results/ImageMagick/ImageMagick/CVE-2017-12667_repo_findings.json
ImageMagick/ImageMagick,CVE-2017-12668,outputs/results/ImageMagick/ImageMagick/CVE-2017-12668_repo_findings.json
ImageMagick/ImageMagick,CVE-2017-12669,outputs/results/ImageMagick/ImageMagick/CVE-2017-12669_repo_findings.json
ImageMagick/ImageMagick,CVE-2017-12877,outputs/results/ImageMagick/ImageMagick/CVE-2017-12877_repo_findings.json
ImageMagick/ImageMagick,CVE-2017-13143,outputs/results/ImageMagick/ImageMagick/CVE-2017-13143_repo_findings.json
ImageMagick/ImageMagick,CVE-2017-13145,outputs/results/ImageMagick/ImageMagick/CVE-2017-13145_repo_findings.json
ImageMagick/ImageMagick,CVE-2017-13146,outputs/results/ImageMagick/ImageMagick/CVE-2017-13146_repo_findings.json
ImageMagick/ImageMagick,CVE-2017-14172,outputs/results/ImageMagick/ImageMagick/CVE-2017-14172_repo_findings.json
ImageMagick/ImageMagick,CVE-2017-14173,outputs/results/ImageMagick/ImageMagick/CVE-2017-14173_repo_findings.json
ImageMagick/ImageMagick,CVE-2017-14174,outputs/results/ImageMagick/ImageMagick/CVE-2017-14174_repo_findings.json
ImageMagick/ImageMagick,CVE-2017-14175,outputs/results/ImageMagick/ImageMagick/CVE-2017-14175_repo_findings.json
ImageMagick/ImageMagick,CVE-2017-14341,outputs/results/ImageMagick/ImageMagick/CVE-2017-14341_repo_findings.json
ImageMagick/ImageMagick,CVE-2017-15032,outputs/results/ImageMagick/ImageMagick/CVE-2017-15032_repo_findings.json
ImageMagick/ImageMagick,CVE-2017-15033,outputs/results/ImageMagick/ImageMagick/CVE-2017-15033_repo_findings.json
ImageMagick/ImageMagick,CVE-2017-15277,outputs/results/ImageMagick/ImageMagick/CVE-2017-15277_repo_findings.json
ImageMagick/ImageMagick,CVE-2017-16546,outputs/results/ImageMagick/ImageMagick/CVE-2017-16546_repo_findings.json
ImageMagick/ImageMagick,CVE-2017-5506,outputs/results/ImageMagick/ImageMagick/CVE-2017-5506_repo_findings.json
ImageMagick/ImageMagick,CVE-2017-5509,outputs/results/ImageMagick/ImageMagick/CVE-2017-5509_repo_findings.json
ImageMagick/ImageMagick,CVE-2017-5510,outputs/results/ImageMagick/ImageMagick/CVE-2017-5510_repo_findings.json
ImageMagick/ImageMagick,CVE-2017-9098,outputs/results/ImageMagick/ImageMagick/CVE-2017-9098_repo_findings.json
ImageMagick/ImageMagick,CVE-2017-9141,outputs/results/ImageMagick/ImageMagick/CVE-2017-9141_repo_findings.json
ImageMagick/ImageMagick,CVE-2017-9143,outputs/results/ImageMagick/ImageMagick/CVE-2017-9143_repo_findings.json
ImageMagick/ImageMagick,CVE-2017-9499,outputs/results/ImageMagick/ImageMagick/CVE-2017-9499_repo_findings.json
ImageMagick/ImageMagick,CVE-2018-16323,outputs/results/ImageMagick/ImageMagick/CVE-2018-16323_repo_findings.json
ImageMagick/ImageMagick,CVE-2018-16641,outputs/results/ImageMagick/ImageMagick/CVE-2018-16641_repo_findings.json
ImageMagick/ImageMagick,CVE-2018-16642,outputs/results/ImageMagick/ImageMagick/CVE-2018-16642_repo_findings.json
ImageMagick/ImageMagick,CVE-2018-16644,outputs/results/ImageMagick/ImageMagick/CVE-2018-16644_repo_findings.json
ImageMagick/ImageMagick,CVE-2018-16645,outputs/results/ImageMagick/ImageMagick/CVE-2018-16645_repo_findings.json
ImageMagick/ImageMagick,CVE-2018-20467,outputs/results/ImageMagick/ImageMagick/CVE-2018-20467_repo_findings.json
ImageMagick/ImageMagick,CVE-2019-10131,outputs/results/ImageMagick/ImageMagick/CVE-2019-10131_repo_findings.json
ImageMagick/ImageMagick,CVE-2019-10714,outputs/results/ImageMagick/ImageMagick/CVE-2019-10714_repo_findings.json
ImageMagick/ImageMagick,CVE-2019-11470,outputs/results/ImageMagick/ImageMagick/CVE-2019-11470_repo_findings.json
ImageMagick/ImageMagick,CVE-2019-13133,outputs/results/ImageMagick/ImageMagick/CVE-2019-13133_repo_findings.json
ImageMagick/ImageMagick,CVE-2019-13136,outputs/results/ImageMagick/ImageMagick/CVE-2019-13136_repo_findings.json
ImageMagick/ImageMagick,CVE-2019-13298,outputs/results/ImageMagick/ImageMagick/CVE-2019-13298_repo_findings.json
ImageMagick/ImageMagick,CVE-2019-13299,outputs/results/ImageMagick/ImageMagick/CVE-2019-13299_repo_findings.json
ImageMagick/ImageMagick,CVE-2019-13302,outputs/results/ImageMagick/ImageMagick/CVE-2019-13302_repo_findings.json
ImageMagick/ImageMagick,CVE-2019-15139,outputs/results/ImageMagick/ImageMagick/CVE-2019-15139_repo_findings.json
ImageMagick/ImageMagick,CVE-2019-15140,outputs/results/ImageMagick/ImageMagick/CVE-2019-15140_repo_findings.json
ImageMagick/ImageMagick,CVE-2019-17541,outputs/results/ImageMagick/ImageMagick/CVE-2019-17541_repo_findings.json
ImageMagick/ImageMagick,CVE-2019-17547,outputs/results/ImageMagick/ImageMagick/CVE-2019-17547_repo_findings.json
ImageMagick/ImageMagick,CVE-2019-7175,outputs/results/ImageMagick/ImageMagick/CVE-2019-7175_repo_findings.json
ImageMagick/ImageMagick,CVE-2019-7395,outputs/results/ImageMagick/ImageMagick/CVE-2019-7395_repo_findings.json
ImageMagick/ImageMagick,CVE-2019-7396,outputs/results/ImageMagick/ImageMagick/CVE-2019-7396_repo_findings.json
ImageMagick/ImageMagick,CVE-2019-7397,outputs/results/ImageMagick/ImageMagick/CVE-2019-7397_repo_findings.json
ImageMagick/ImageMagick,CVE-2020-25666,outputs/results/ImageMagick/ImageMagick/CVE-2020-25666_repo_findings.json
ImageMagick/ImageMagick,CVE-2020-25667,outputs/results/ImageMagick/ImageMagick/CVE-2020-25667_repo_findings.json
ImageMagick/ImageMagick,CVE-2020-27750,outputs/results/ImageMagick/ImageMagick/CVE-2020-27750_repo_findings.json
ImageMagick/ImageMagick,CVE-2020-27757,outputs/results/ImageMagick/ImageMagick/CVE-2020-27757_repo_findings.json
ImageMagick/ImageMagick,CVE-2020-27759,outputs/results/ImageMagick/ImageMagick/CVE-2020-27759_repo_findings.json
ImageMagick/ImageMagick,CVE-2020-27767,outputs/results/ImageMagick/ImageMagick/CVE-2020-27767_repo_findings.json
ImageMagick/ImageMagick,CVE-2020-27773,outputs/results/ImageMagick/ImageMagick/CVE-2020-27773_repo_findings.json
ImageMagick/ImageMagick,CVE-2021-20310,outputs/results/ImageMagick/ImageMagick/CVE-2021-20310_repo_findings.json
ImageMagick/ImageMagick6,CVE-2019-11472,outputs/results/ImageMagick/ImageMagick6/CVE-2019-11472_repo_findings.json
ImageMagick/ImageMagick6,CVE-2019-13135,outputs/results/ImageMagick/ImageMagick6/CVE-2019-13135_repo_findings.json
ImageMagick/ImageMagick6,CVE-2019-13137,outputs/results/ImageMagick/ImageMagick6/CVE-2019-13137_repo_findings.json
ImageMagick/ImageMagick6,CVE-2019-13295,outputs/results/ImageMagick/ImageMagick6/CVE-2019-13295_repo_findings.json
ImageMagick/ImageMagick6,CVE-2019-13297,outputs/results/ImageMagick/ImageMagick6/CVE-2019-13297_repo_findings.json
ImageMagick/ImageMagick6,CVE-2019-13300,outputs/results/ImageMagick/ImageMagick6/CVE-2019-13300_repo_findings.json
ImageMagick/ImageMagick6,CVE-2019-13304,outputs/results/ImageMagick/ImageMagick6/CVE-2019-13304_repo_findings.json
ImageMagick/ImageMagick6,CVE-2019-13305,outputs/results/ImageMagick/ImageMagick6/CVE-2019-13305_repo_findings.json
ImageMagick/ImageMagick6,CVE-2019-13306,outputs/results/ImageMagick/ImageMagick6/CVE-2019-13306_repo_findings.json
ImageMagick/ImageMagick6,CVE-2019-13307,outputs/results/ImageMagick/ImageMagick6/CVE-2019-13307_repo_findings.json
ImageMagick/ImageMagick6,CVE-2019-13308,outputs/results/ImageMagick/ImageMagick6/CVE-2019-13308_repo_findings.json
ImageMagick/ImageMagick6,CVE-2019-13391,outputs/results/ImageMagick/ImageMagick6/CVE-2019-13391_repo_findings.json
ImageMagick/ImageMagick6,CVE-2019-13454,outputs/results/ImageMagick/ImageMagick6/CVE-2019-13454_repo_findings.json
ImageMagick/ImageMagick6,CVE-2019-14980,outputs/results/ImageMagick/ImageMagick6/CVE-2019-14980_repo_findings.json
ImageMagick/ImageMagick6,CVE-2019-14981,outputs/results/ImageMagick/ImageMagick6/CVE-2019-14981_repo_findings.json
ImageMagick/ImageMagick6,CVE-2019-15141,outputs/results/ImageMagick/ImageMagick6/CVE-2019-15141_repo_findings.json
kamailio/kamailio,CVE-2016-2385,outputs/results/kamailio/kamailio/CVE-2016-2385_repo_findings.json
kamailio/kamailio,CVE-2018-8828,outputs/results/kamailio/kamailio/CVE-2018-8828_repo_findings.json
kamailio/kamailio,CVE-2020-27507,outputs/results/kamailio/kamailio/CVE-2020-27507_repo_findings.json
kamailio/kamailio,OSV-2021-1202,outputs/results/kamailio/kamailio/OSV-2021-1202_repo_findings.json
kamailio/kamailio,OSV-2021-1330,outputs/results/kamailio/kamailio/OSV-2021-1330_repo_findings.json
kamailio/kamailio,OSV-2021-1674,outputs/results/kamailio/kamailio/OSV-2021-1674_repo_findings.json
kamailio/kamailio,OSV-2024-1230,outputs/results/kamailio/kamailio/OSV-2024-1230_repo_findings.json
kamailio/kamailio,OSV-2024-1244,outputs/results/kamailio/kamailio/OSV-2024-1244_repo_findings.json
kamailio/kamailio,OSV-2024-1249,outputs/results/kamailio/kamailio/OSV-2024-1249_repo_findings.json
libarchive/libarchive,CVE-2015-2304,outputs/results/libarchive/libarchive/CVE-2015-2304_repo_findings.json
libarchive/libarchive,CVE-2016-1541,outputs/results/libarchive/libarchive/CVE-2016-1541_repo_findings.json
libarchive/libarchive,CVE-2016-4300,outputs/results/libarchive/libarchive/CVE-2016-4300_repo_findings.json
libarchive/libarchive,CVE-2016-4301,outputs/results/libarchive/libarchive/CVE-2016-4301_repo_findings.json
libarchive/libarchive,CVE-2016-4302,outputs/results/libarchive/libarchive/CVE-2016-4302_repo_findings.json
libarchive/libarchive,CVE-2016-4809,outputs/results/libarchive/libarchive/CVE-2016-4809_repo_findings.json
libarchive/libarchive,CVE-2016-5844,outputs/results/libarchive/libarchive/CVE-2016-5844_repo_findings.json
libarchive/libarchive,CVE-2016-6250,outputs/results/libarchive/libarchive/CVE-2016-6250_repo_findings.json
libarchive/libarchive,CVE-2016-7166,outputs/results/libarchive/libarchive/CVE-2016-7166_repo_findings.json
libarchive/libarchive,CVE-2016-8687,outputs/results/libarchive/libarchive/CVE-2016-8687_repo_findings.json
libarchive/libarchive,CVE-2016-8688,outputs/results/libarchive/libarchive/CVE-2016-8688_repo_findings.json
libarchive/libarchive,CVE-2016-8689,outputs/results/libarchive/libarchive/CVE-2016-8689_repo_findings.json
libarchive/libarchive,CVE-2017-14166,outputs/results/libarchive/libarchive/CVE-2017-14166_repo_findings.json
libarchive/libarchive,CVE-2017-14502,outputs/results/libarchive/libarchive/CVE-2017-14502_repo_findings.json
libarchive/libarchive,CVE-2017-5601,outputs/results/libarchive/libarchive/CVE-2017-5601_repo_findings.json
libarchive/libarchive,CVE-2018-1000877,outputs/results/libarchive/libarchive/CVE-2018-1000877_repo_findings.json
libarchive/libarchive,CVE-2018-1000878,outputs/results/libarchive/libarchive/CVE-2018-1000878_repo_findings.json
libarchive/libarchive,CVE-2018-1000879,outputs/results/libarchive/libarchive/CVE-2018-1000879_repo_findings.json
libarchive/libarchive,CVE-2018-1000880,outputs/results/libarchive/libarchive/CVE-2018-1000880_repo_findings.json
libarchive/libarchive,CVE-2019-1000019,outputs/results/libarchive/libarchive/CVE-2019-1000019_repo_findings.json
libarchive/libarchive,CVE-2019-1000020,outputs/results/libarchive/libarchive/CVE-2019-1000020_repo_findings.json
libarchive/libarchive,CVE-2019-18408,outputs/results/libarchive/libarchive/CVE-2019-18408_repo_findings.json
libarchive/libarchive,CVE-2019-19221,outputs/results/libarchive/libarchive/CVE-2019-19221_repo_findings.json
libarchive/libarchive,CVE-2019-20509,outputs/results/libarchive/libarchive/CVE-2019-20509_repo_findings.json
libarchive/libarchive,CVE-2020-9308,outputs/results/libarchive/libarchive/CVE-2020-9308_repo_findings.json
libarchive/libarchive,CVE-2021-31566,outputs/results/libarchive/libarchive/CVE-2021-31566_repo_findings.json
libarchive/libarchive,CVE-2024-37407,outputs/results/libarchive/libarchive/CVE-2024-37407_repo_findings.json
libarchive/libarchive,OSV-2018-125,outputs/results/libarchive/libarchive/OSV-2018-125_repo_findings.json
libarchive/libarchive,OSV-2018-130,outputs/results/libarchive/libarchive/OSV-2018-130_repo_findings.json
libarchive/libarchive,OSV-2018-160,outputs/results/libarchive/libarchive/OSV-2018-160_repo_findings.json
libarchive/libarchive,OSV-2018-68,outputs/results/libarchive/libarchive/OSV-2018-68_repo_findings.json
libarchive/libarchive,OSV-2020-543,outputs/results/libarchive/libarchive/OSV-2020-543_repo_findings.json
libarchive/libarchive,OSV-2021-12,outputs/results/libarchive/libarchive/OSV-2021-12_repo_findings.json
libarchive/libarchive,OSV-2022-1193,outputs/results/libarchive/libarchive/OSV-2022-1193_repo_findings.json
LibreDWG/libredwg,CVE-2019-20911,outputs/results/LibreDWG/libredwg/CVE-2019-20911_repo_findings.json
LibreDWG/libredwg,CVE-2019-20915,outputs/results/LibreDWG/libredwg/CVE-2019-20915_repo_findings.json
LibreDWG/libredwg,CVE-2023-36271,outputs/results/LibreDWG/libredwg/CVE-2023-36271_repo_findings.json
LibreDWG/libredwg,OSV-2021-577,outputs/results/LibreDWG/libredwg/OSV-2021-577_repo_findings.json
LibreDWG/libredwg,OSV-2021-814,outputs/results/LibreDWG/libredwg/OSV-2021-814_repo_findings.json
LibreDWG/libredwg,OSV-2022-1211,outputs/results/LibreDWG/libredwg/OSV-2022-1211_repo_findings.json
LibreDWG/libredwg,OSV-2022-1251,outputs/results/LibreDWG/libredwg/OSV-2022-1251_repo_findings.json
LibreDWG/libredwg,OSV-2022-128,outputs/results/LibreDWG/libredwg/OSV-2022-128_repo_findings.json
LibreDWG/libredwg,OSV-2022-377,outputs/results/LibreDWG/libredwg/OSV-2022-377_repo_findings.json
LibreDWG/libredwg,OSV-2022-656,outputs/results/LibreDWG/libredwg/OSV-2022-656_repo_findings.json
LibreDWG/libredwg,OSV-2022-657,outputs/results/LibreDWG/libredwg/OSV-2022-657_repo_findings.json
LibreDWG/libredwg,OSV-2023-1048,outputs/results/LibreDWG/libredwg/OSV-2023-1048_repo_findings.json
LibreDWG/libredwg,OSV-2023-1051,outputs/results/LibreDWG/libredwg/OSV-2023-1051_repo_findings.json
LibreDWG/libredwg,OSV-2023-1063,outputs/results/LibreDWG/libredwg/OSV-2023-1063_repo_findings.json
LibreDWG/libredwg,OSV-2023-1110,outputs/results/LibreDWG/libredwg/OSV-2023-1110_repo_findings.json
LibreDWG/libredwg,OSV-2023-1186,outputs/results/LibreDWG/libredwg/OSV-2023-1186_repo_findings.json
LibreDWG/libredwg,OSV-2023-135,outputs/results/LibreDWG/libredwg/OSV-2023-135_repo_findings.json
LibreDWG/libredwg,OSV-2023-284,outputs/results/LibreDWG/libredwg/OSV-2023-284_repo_findings.json
LibreDWG/libredwg,OSV-2023-42,outputs/results/LibreDWG/libredwg/OSV-2023-42_repo_findings.json
LibreDWG/libredwg,OSV-2023-452,outputs/results/LibreDWG/libredwg/OSV-2023-452_repo_findings.json
LibreDWG/libredwg,OSV-2023-455,outputs/results/LibreDWG/libredwg/OSV-2023-455_repo_findings.json
LibreDWG/libredwg,OSV-2023-46,outputs/results/LibreDWG/libredwg/OSV-2023-46_repo_findings.json
LibreDWG/libredwg,OSV-2023-874,outputs/results/LibreDWG/libredwg/OSV-2023-874_repo_findings.json
LibreDWG/libredwg,OSV-2024-123,outputs/results/LibreDWG/libredwg/OSV-2024-123_repo_findings.json
radareorg/radare2,CVE-2017-10929,outputs/results/radareorg/radare2/CVE-2017-10929_repo_findings.json
radareorg/radare2,CVE-2017-15368,outputs/results/radareorg/radare2/CVE-2017-15368_repo_findings.json
radareorg/radare2,CVE-2017-15385,outputs/results/radareorg/radare2/CVE-2017-15385_repo_findings.json
radareorg/radare2,CVE-2017-15931,outputs/results/radareorg/radare2/CVE-2017-15931_repo_findings.json
radareorg/radare2,CVE-2017-15932,outputs/results/radareorg/radare2/CVE-2017-15932_repo_findings.json
radareorg/radare2,CVE-2017-16357,outputs/results/radareorg/radare2/CVE-2017-16357_repo_findings.json
radareorg/radare2,CVE-2017-16358,outputs/results/radareorg/radare2/CVE-2017-16358_repo_findings.json
radareorg/radare2,CVE-2017-16359,outputs/results/radareorg/radare2/CVE-2017-16359_repo_findings.json
radareorg/radare2,CVE-2017-16805,outputs/results/radareorg/radare2/CVE-2017-16805_repo_findings.json
radareorg/radare2,CVE-2017-6194,outputs/results/radareorg/radare2/CVE-2017-6194_repo_findings.json
radareorg/radare2,CVE-2017-6197,outputs/results/radareorg/radare2/CVE-2017-6197_repo_findings.json
radareorg/radare2,CVE-2017-6319,outputs/results/radareorg/radare2/CVE-2017-6319_repo_findings.json
radareorg/radare2,CVE-2017-6387,outputs/results/radareorg/radare2/CVE-2017-6387_repo_findings.json
radareorg/radare2,CVE-2017-6415,outputs/results/radareorg/radare2/CVE-2017-6415_repo_findings.json
radareorg/radare2,CVE-2017-7274,outputs/results/radareorg/radare2/CVE-2017-7274_repo_findings.json
radareorg/radare2,CVE-2017-7854,outputs/results/radareorg/radare2/CVE-2017-7854_repo_findings.json
radareorg/radare2,CVE-2017-7946,outputs/results/radareorg/radare2/CVE-2017-7946_repo_findings.json
radareorg/radare2,CVE-2017-9520,outputs/results/radareorg/radare2/CVE-2017-9520_repo_findings.json
radareorg/radare2,CVE-2017-9761,outputs/results/radareorg/radare2/CVE-2017-9761_repo_findings.json
radareorg/radare2,CVE-2017-9949,outputs/results/radareorg/radare2/CVE-2017-9949_repo_findings.json
radareorg/radare2,CVE-2018-11376,outputs/results/radareorg/radare2/CVE-2018-11376_repo_findings.json
radareorg/radare2,CVE-2018-11378,outputs/results/radareorg/radare2/CVE-2018-11378_repo_findings.json
radareorg/radare2,CVE-2018-11379,outputs/results/radareorg/radare2/CVE-2018-11379_repo_findings.json
radareorg/radare2,CVE-2018-11380,outputs/results/radareorg/radare2/CVE-2018-11380_repo_findings.json
radareorg/radare2,CVE-2018-11381,outputs/results/radareorg/radare2/CVE-2018-11381_repo_findings.json
radareorg/radare2,CVE-2018-11383,outputs/results/radareorg/radare2/CVE-2018-11383_repo_findings.json
radareorg/radare2,CVE-2018-11384,outputs/results/radareorg/radare2/CVE-2018-11384_repo_findings.json
radareorg/radare2,CVE-2018-12320,outputs/results/radareorg/radare2/CVE-2018-12320_repo_findings.json
radareorg/radare2,CVE-2018-12321,outputs/results/radareorg/radare2/CVE-2018-12321_repo_findings.json
radareorg/radare2,CVE-2018-12322,outputs/results/radareorg/radare2/CVE-2018-12322_repo_findings.json
radareorg/radare2,CVE-2018-14015,outputs/results/radareorg/radare2/CVE-2018-14015_repo_findings.json
radareorg/radare2,CVE-2018-14016,outputs/results/radareorg/radare2/CVE-2018-14016_repo_findings.json
radareorg/radare2,CVE-2018-19842,outputs/results/radareorg/radare2/CVE-2018-19842_repo_findings.json
radareorg/radare2,CVE-2018-19843,outputs/results/radareorg/radare2/CVE-2018-19843_repo_findings.json
radareorg/radare2,CVE-2018-20455,outputs/results/radareorg/radare2/CVE-2018-20455_repo_findings.json
radareorg/radare2,CVE-2018-20457,outputs/results/radareorg/radare2/CVE-2018-20457_repo_findings.json
radareorg/radare2,CVE-2018-20458,outputs/results/radareorg/radare2/CVE-2018-20458_repo_findings.json
radareorg/radare2,CVE-2018-20460,outputs/results/radareorg/radare2/CVE-2018-20460_repo_findings.json
radareorg/radare2,CVE-2018-20461,outputs/results/radareorg/radare2/CVE-2018-20461_repo_findings.json
radareorg/radare2,CVE-2019-16718,outputs/results/radareorg/radare2/CVE-2019-16718_repo_findings.json
radareorg/radare2,CVE-2020-27794,outputs/results/radareorg/radare2/CVE-2020-27794_repo_findings.json
radareorg/radare2,CVE-2021-32494,outputs/results/radareorg/radare2/CVE-2021-32494_repo_findings.json
radareorg/radare2,CVE-2022-0139,outputs/results/radareorg/radare2/CVE-2022-0139_repo_findings.json
radareorg/radare2,CVE-2022-0419,outputs/results/radareorg/radare2/CVE-2022-0419_repo_findings.json
radareorg/radare2,CVE-2022-0476,outputs/results/radareorg/radare2/CVE-2022-0476_repo_findings.json
radareorg/radare2,CVE-2022-0519,outputs/results/radareorg/radare2/CVE-2022-0519_repo_findings.json
radareorg/radare2,CVE-2022-0520,outputs/results/radareorg/radare2/CVE-2022-0520_repo_findings.json
radareorg/radare2,CVE-2022-0523,outputs/results/radareorg/radare2/CVE-2022-0523_repo_findings.json
radareorg/radare2,CVE-2022-0559,outputs/results/radareorg/radare2/CVE-2022-0559_repo_findings.json
radareorg/radare2,CVE-2022-0676,outputs/results/radareorg/radare2/CVE-2022-0676_repo_findings.json
radareorg/radare2,CVE-2022-0849,outputs/results/radareorg/radare2/CVE-2022-0849_repo_findings.json
radareorg/radare2,CVE-2022-1031,outputs/results/radareorg/radare2/CVE-2022-1031_repo_findings.json
radareorg/radare2,CVE-2022-1052,outputs/results/radareorg/radare2/CVE-2022-1052_repo_findings.json
radareorg/radare2,CVE-2022-1061,outputs/results/radareorg/radare2/CVE-2022-1061_repo_findings.json
radareorg/radare2,CVE-2022-1238,outputs/results/radareorg/radare2/CVE-2022-1238_repo_findings.json
radareorg/radare2,CVE-2022-1244,outputs/results/radareorg/radare2/CVE-2022-1244_repo_findings.json
radareorg/radare2,CVE-2022-1296,outputs/results/radareorg/radare2/CVE-2022-1296_repo_findings.json
radareorg/radare2,CVE-2022-1297,outputs/results/radareorg/radare2/CVE-2022-1297_repo_findings.json
radareorg/radare2,CVE-2022-1383,outputs/results/radareorg/radare2/CVE-2022-1383_repo_findings.json
radareorg/radare2,CVE-2022-1444,outputs/results/radareorg/radare2/CVE-2022-1444_repo_findings.json
radareorg/radare2,CVE-2022-1452,outputs/results/radareorg/radare2/CVE-2022-1452_repo_findings.json
radareorg/radare2,CVE-2022-1649,outputs/results/radareorg/radare2/CVE-2022-1649_repo_findings.json
radareorg/radare2,CVE-2022-1714,outputs/results/radareorg/radare2/CVE-2022-1714_repo_findings.json
radareorg/radare2,CVE-2022-1809,outputs/results/radareorg/radare2/CVE-2022-1809_repo_findings.json
radareorg/radare2,CVE-2022-1899,outputs/results/radareorg/radare2/CVE-2022-1899_repo_findings.json
radareorg/radare2,CVE-2022-28068,outputs/results/radareorg/radare2/CVE-2022-28068_repo_findings.json
radareorg/radare2,CVE-2022-28070,outputs/results/radareorg/radare2/CVE-2022-28070_repo_findings.json
radareorg/radare2,CVE-2022-28072,outputs/results/radareorg/radare2/CVE-2022-28072_repo_findings.json
radareorg/radare2,CVE-2022-28073,outputs/results/radareorg/radare2/CVE-2022-28073_repo_findings.json
radareorg/radare2,CVE-2022-4398,outputs/results/radareorg/radare2/CVE-2022-4398_repo_findings.json
radareorg/radare2,CVE-2022-4843,outputs/results/radareorg/radare2/CVE-2022-4843_repo_findings.json
radareorg/radare2,CVE-2023-27114,outputs/results/radareorg/radare2/CVE-2023-27114_repo_findings.json
radareorg/radare2,CVE-2023-4322,outputs/results/radareorg/radare2/CVE-2023-4322_repo_findings.json
radareorg/radare2,CVE-2023-47016,outputs/results/radareorg/radare2/CVE-2023-47016_repo_findings.json
radareorg/radare2,CVE-2023-5686,outputs/results/radareorg/radare2/CVE-2023-5686_repo_findings.json
radareorg/radare2,OSV-2018-148,outputs/results/radareorg/radare2/OSV-2018-148_repo_findings.json
radareorg/radare2,OSV-2018-194,outputs/results/radareorg/radare2/OSV-2018-194_repo_findings.json
radareorg/radare2,OSV-2018-201,outputs/results/radareorg/radare2/OSV-2018-201_repo_findings.json
radareorg/radare2,OSV-2020-1076,outputs/results/radareorg/radare2/OSV-2020-1076_repo_findings.json
radareorg/radare2,OSV-2020-1094,outputs/results/radareorg/radare2/OSV-2020-1094_repo_findings.json
radareorg/radare2,OSV-2020-1146,outputs/results/radareorg/radare2/OSV-2020-1146_repo_findings.json
radareorg/radare2,OSV-2020-357,outputs/results/radareorg/radare2/OSV-2020-357_repo_findings.json
radareorg/radare2,OSV-2020-440,outputs/results/radareorg/radare2/OSV-2020-440_repo_findings.json
radareorg/radare2,OSV-2020-490,outputs/results/radareorg/radare2/OSV-2020-490_repo_findings.json
radareorg/radare2,OSV-2020-523,outputs/results/radareorg/radare2/OSV-2020-523_repo_findings.json
radareorg/radare2,OSV-2020-7,outputs/results/radareorg/radare2/OSV-2020-7_repo_findings.json
radareorg/radare2,OSV-2020-722,outputs/results/radareorg/radare2/OSV-2020-722_repo_findings.json
radareorg/radare2,OSV-2020-725,outputs/results/radareorg/radare2/OSV-2020-725_repo_findings.json
radareorg/radare2,OSV-2020-881,outputs/results/radareorg/radare2/OSV-2020-881_repo_findings.json
radareorg/radare2,OSV-2021-1820,outputs/results/radareorg/radare2/OSV-2021-1820_repo_findings.json
radareorg/radare2,OSV-2022-383,outputs/results/radareorg/radare2/OSV-2022-383_repo_findings.json
radareorg/radare2,OSV-2023-399,outputs/results/radareorg/radare2/OSV-2023-399_repo_findings.json
radareorg/radare2,OSV-2023-989,outputs/results/radareorg/radare2/OSV-2023-989_repo_findings.json
uclouvain/openjpeg,CVE-2015-8871,outputs/results/uclouvain/openjpeg/CVE-2015-8871_repo_findings.json
uclouvain/openjpeg,CVE-2016-10504,outputs/results/uclouvain/openjpeg/CVE-2016-10504_repo_findings.json
uclouvain/openjpeg,CVE-2016-10506,outputs/results/uclouvain/openjpeg/CVE-2016-10506_repo_findings.json
uclouvain/openjpeg,CVE-2016-10507,outputs/results/uclouvain/openjpeg/CVE-2016-10507_repo_findings.json
uclouvain/openjpeg,CVE-2016-3183,outputs/results/uclouvain/openjpeg/CVE-2016-3183_repo_findings.json
uclouvain/openjpeg,CVE-2016-4796,outputs/results/uclouvain/openjpeg/CVE-2016-4796_repo_findings.json
uclouvain/openjpeg,CVE-2016-4797,outputs/results/uclouvain/openjpeg/CVE-2016-4797_repo_findings.json
uclouvain/openjpeg,CVE-2016-5157,outputs/results/uclouvain/openjpeg/CVE-2016-5157_repo_findings.json
uclouvain/openjpeg,CVE-2016-7163,outputs/results/uclouvain/openjpeg/CVE-2016-7163_repo_findings.json
uclouvain/openjpeg,CVE-2017-12982,outputs/results/uclouvain/openjpeg/CVE-2017-12982_repo_findings.json
uclouvain/openjpeg,CVE-2017-14039,outputs/results/uclouvain/openjpeg/CVE-2017-14039_repo_findings.json
uclouvain/openjpeg,CVE-2017-14040,outputs/results/uclouvain/openjpeg/CVE-2017-14040_repo_findings.json
uclouvain/openjpeg,CVE-2017-14041,outputs/results/uclouvain/openjpeg/CVE-2017-14041_repo_findings.json
uclouvain/openjpeg,CVE-2017-14151,outputs/results/uclouvain/openjpeg/CVE-2017-14151_repo_findings.json
uclouvain/openjpeg,CVE-2017-14152,outputs/results/uclouvain/openjpeg/CVE-2017-14152_repo_findings.json
uclouvain/openjpeg,CVE-2017-14164,outputs/results/uclouvain/openjpeg/CVE-2017-14164_repo_findings.json
uclouvain/openjpeg,CVE-2018-20845,outputs/results/uclouvain/openjpeg/CVE-2018-20845_repo_findings.json
uclouvain/openjpeg,CVE-2018-20846,outputs/results/uclouvain/openjpeg/CVE-2018-20846_repo_findings.json
uclouvain/openjpeg,CVE-2018-20847,outputs/results/uclouvain/openjpeg/CVE-2018-20847_repo_findings.json
uclouvain/openjpeg,CVE-2018-21010,outputs/results/uclouvain/openjpeg/CVE-2018-21010_repo_findings.json
uclouvain/openjpeg,CVE-2018-7648,outputs/results/uclouvain/openjpeg/CVE-2018-7648_repo_findings.json
uclouvain/openjpeg,CVE-2019-12973,outputs/results/uclouvain/openjpeg/CVE-2019-12973_repo_findings.json
uclouvain/openjpeg,CVE-2020-27824,outputs/results/uclouvain/openjpeg/CVE-2020-27824_repo_findings.json
uclouvain/openjpeg,CVE-2020-8112,outputs/results/uclouvain/openjpeg/CVE-2020-8112_repo_findings.json
uclouvain/openjpeg,CVE-2022-1122,outputs/results/uclouvain/openjpeg/CVE-2022-1122_repo_findings.json
uclouvain/openjpeg,CVE-2024-56826,outputs/results/uclouvain/openjpeg/CVE-2024-56826_repo_findings.json
uclouvain/openjpeg,OSV-2017-22,outputs/results/uclouvain/openjpeg/OSV-2017-22_repo_findings.json
uclouvain/openjpeg,OSV-2017-35,outputs/results/uclouvain/openjpeg/OSV-2017-35_repo_findings.json
uclouvain/openjpeg,OSV-2017-61,outputs/results/uclouvain/openjpeg/OSV-2017-61_repo_findings.json
uclouvain/openjpeg,OSV-2020-610,outputs/results/uclouvain/openjpeg/OSV-2020-610_repo_findings.json
uclouvain/openjpeg,OSV-2022-416,outputs/results/uclouvain/openjpeg/OSV-2022-416_repo_findings.json
uclouvain/openjpeg,OSV-2024-1279,outputs/results/uclouvain/openjpeg/OSV-2024-1279_repo_findings.json
wireshark/wireshark,CVE-2020-15466,outputs/results/wireshark/wireshark/CVE-2020-15466_repo_findings.json
wireshark/wireshark,CVE-2020-9428,outputs/results/wireshark/wireshark/CVE-2020-9428_repo_findings.json
wireshark/wireshark,CVE-2020-9430,outputs/results/wireshark/wireshark/CVE-2020-9430_repo_findings.json
wireshark/wireshark,CVE-2021-22174,outputs/results/wireshark/wireshark/CVE-2021-22174_repo_findings.json
wireshark/wireshark,CVE-2021-39920,outputs/results/wireshark/wireshark/CVE-2021-39920_repo_findings.json
wireshark/wireshark,CVE-2021-39929,outputs/results/wireshark/wireshark/CVE-2021-39929_repo_findings.json
wireshark/wireshark,CVE-2021-4184,outputs/results/wireshark/wireshark/CVE-2021-4184_repo_findings.json
torvalds/linux,CVE-2015-4036,outputs/results/torvalds/linux/CVE-2015-4036_repo_findings.json
torvalds/linux,CVE-2016-5400,outputs/results/torvalds/linux/CVE-2016-5400_repo_findings.json
torvalds/linux,CVE-2016-5728,outputs/results/torvalds/linux/CVE-2016-5728_repo_findings.json
torvalds/linux,CVE-2017-18509,outputs/results/torvalds/linux/CVE-2017-18509_repo_findings.json
torvalds/linux,CVE-2017-7518,outputs/results/torvalds/linux/CVE-2017-7518_repo_findings.json
torvalds/linux,CVE-2018-20169,outputs/results/torvalds/linux/CVE-2018-20169_repo_findings.json
torvalds/linux,CVE-2019-15925,outputs/results/torvalds/linux/CVE-2019-15925_repo_findings.json
torvalds/linux,CVE-2019-19533,outputs/results/torvalds/linux/CVE-2019-19533_repo_findings.json
torvalds/linux,CVE-2019-19947,outputs/results/torvalds/linux/CVE-2019-19947_repo_findings.json
torvalds/linux,CVE-2020-12465,outputs/results/torvalds/linux/CVE-2020-12465_repo_findings.json
torvalds/linux,CVE-2020-25211,outputs/results/torvalds/linux/CVE-2020-25211_repo_findings.json
torvalds/linux,CVE-2020-25284,outputs/results/torvalds/linux/CVE-2020-25284_repo_findings.json
torvalds/linux,CVE-2021-33631,outputs/results/torvalds/linux/CVE-2021-33631_repo_findings.json
torvalds/linux,CVE-2021-46948,outputs/results/torvalds/linux/CVE-2021-46948_repo_findings.json
torvalds/linux,CVE-2021-46981,outputs/results/torvalds/linux/CVE-2021-46981_repo_findings.json
torvalds/linux,CVE-2021-46986,outputs/results/torvalds/linux/CVE-2021-46986_repo_findings.json
torvalds/linux,CVE-2021-47028,outputs/results/torvalds/linux/CVE-2021-47028_repo_findings.json
torvalds/linux,CVE-2022-27223,outputs/results/torvalds/linux/CVE-2022-27223_repo_findings.json
torvalds/linux,CVE-2022-3532,outputs/results/torvalds/linux/CVE-2022-3532_repo_findings.json
torvalds/linux,CVE-2022-3594,outputs/results/torvalds/linux/CVE-2022-3594_repo_findings.json
torvalds/linux,CVE-2023-3812,outputs/results/torvalds/linux/CVE-2023-3812_repo_findings.json
torvalds/linux,CVE-2023-52599,outputs/results/torvalds/linux/CVE-2023-52599_repo_findings.json
torvalds/linux,CVE-2023-6111,outputs/results/torvalds/linux/CVE-2023-6111_repo_findings.json
torvalds/linux,CVE-2023-6817,outputs/results/torvalds/linux/CVE-2023-6817_repo_findings.json
torvalds/linux,CVE-2024-26661,outputs/results/torvalds/linux/CVE-2024-26661_repo_findings.json
torvalds/linux,CVE-2024-26675,outputs/results/torvalds/linux/CVE-2024-26675_repo_findings.json
torvalds/linux,CVE-2024-26684,outputs/results/torvalds/linux/CVE-2024-26684_repo_findings.json
torvalds/linux,CVE-2024-26702,outputs/results/torvalds/linux/CVE-2024-26702_repo_findings.json
torvalds/linux,CVE-2024-26723,outputs/results/torvalds/linux/CVE-2024-26723_repo_findings.json
torvalds/linux,CVE-2024-26748,outputs/results/torvalds/linux/CVE-2024-26748_repo_findings.json
torvalds/linux,CVE-2024-26784,outputs/results/torvalds/linux/CVE-2024-26784_repo_findings.json
torvalds/linux,CVE-2024-26793,outputs/results/torvalds/linux/CVE-2024-26793_repo_findings.json
