cveid,vul_file,vul_line,vul_func,pat_file,pat_line,pat_func,tar_file,tar_line,tar_func
libexif_libexif/CVE-2020-13114_e6a38a1a,exif-mnote-data-canon.c,201,exif_mnote_data_canon_load,exif-mnote-data-canon.c,204,exif_mnote_data_canon_load,/home/cyf/repo_dataset/libexif/libexif/libexif/exif-data.c,856,exif_data_load_data
libexif_libexif/OSV-2021-1521_4bd5cd63,exif-data.c,844,exif_data_load_data,,,,/home/cyf/repo_dataset/libexif/libexif/libexif/olympus/exif-mnote-data-olympus.c,101,exif_mnote_data_olympus_save
libexif_libexif/OSV-2021-1168_a4647a54,mnote-apple-entry.c,34,mnote_apple_entry_get_value,mnote-apple-entry.c,34,mnote_apple_entry_get_value,/home/cyf/repo_dataset/libexif/libexif/libexif/exif-entry.c,453,exif_entry_format_value
libexif_libexif/OSV-2021-1169_b1e292af,,,,exif-mnote-data-apple.c,57,exif_mnote_data_apple_load,/home/cyf/repo_dataset/libexif/libexif/libexif/canon/exif-mnote-data-canon.c,206,exif_mnote_data_canon_load
libexif_libexif/OSV-2021-1527_54461dde,,,,exif-data.c,844,exif_data_load_data,/home/cyf/repo_dataset/libexif/libexif/libexif/olympus/exif-mnote-data-olympus.c,101,exif_mnote_data_olympus_save
libexif_libexif/OSV-2021-1138_eb452f53,exif-mnote-data-apple.c,162,exif_mnote_data_apple_set_byte_order,exif-mnote-data-apple.c,168,exif_mnote_data_apple_set_byte_order,/home/cyf/repo_dataset/libexif/libexif/libexif/canon/exif-mnote-data-canon.c,98,exif_mnote_data_canon_set_byte_order
libexif_libexif/OSV-2021-1128_22799320,exif-mnote-data-apple.c,245,exif_mnote_data_apple_new,exif-mnote-data-apple.c,240,exif_mnote_data_apple_new,/home/cyf/repo_dataset/libexif/libexif/libexif/canon/exif-mnote-data-canon.c,410,exif_mnote_data_canon_new
uclouvain_openjpeg/CVE-2016-10504_397f62c0,tcd.c,1180,opj_tcd_code_block_enc_allocate_data,tcd.c,1180,opj_tcd_code_block_enc_allocate_data,/home/cyf/repo_dataset/uclouvain/openjpeg/src/lib/openjp2/tcd.c,1283,opj_tcd_code_block_enc_allocate
uclouvain_openjpeg/CVE-2016-4796_162f6199,,,,color.c,849,color_cmyk_to_rgb,/home/cyf/repo_dataset/uclouvain/openjpeg/src/bin/jp2/convertbmp.c,235,bmpmask16toimage
uclouvain_openjpeg/CVE-2017-14039_c535531f,,,,j2k.c,4204,opj_j2k_write_sot,/home/cyf/repo_dataset/uclouvain/openjpeg/src/lib/openjp2/cidx_manager.c,128,opj_write_cptr
uclouvain_openjpeg/CVE-2017-14151_afb308b9,tcd.c,1185,opj_tcd_code_block_enc_allocate_data,tcd.c,1185,opj_tcd_code_block_enc_allocate_data,/home/cyf/repo_dataset/uclouvain/openjpeg/src/lib/openjp2/tcd.c,1283,opj_tcd_code_block_enc_allocate
uclouvain_openjpeg/CVE-2017-14040_2cd30c2b,convert.c,771,tgatoimage,convert.c,768,tgatoimage,/home/cyf/repo_dataset/uclouvain/openjpeg/src/bin/jp2/convert.c,2305,rawtoimage_common
uclouvain_openjpeg/CVE-2018-20846_c2771599,pi.c,274,pi_next_pcrl,,,,/home/cyf/repo_dataset/uclouvain/openjpeg/src/lib/openjp2/pi.c,619,opj_pi_next_cprl
uclouvain_openjpeg/OSV-2017-61_cc893a4e,tcd.c,1956,opj_tcd_mct_decode,,,,/home/cyf/repo_dataset/uclouvain/openjpeg/src/lib/openjp2/j2k.c,4978,opj_j2k_read_sod
uclouvain_openjpeg/OSV-2017-22_28094e1e,tcd.c,1956,opj_tcd_mct_decode,,,,/home/cyf/repo_dataset/uclouvain/openjpeg/src/lib/openjp2/j2k.c,4978,opj_j2k_read_sod
uclouvain_openjpeg/CVE-2018-20845_c5bd64ea,pi.c,173,pi_next_rpcl,pi.c,274,pi_next_pcrl,/home/cyf/repo_dataset/uclouvain/openjpeg/src/lib/openjp2/pi.c,619,opj_pi_next_cprl
uclouvain_openjpeg/CVE-2017-14164_dcac91b8,j2k.c,11540,opj_j2k_write_all_tile_parts,,,,/home/cyf/repo_dataset/uclouvain/openjpeg/src/lib/openjp2/j2k.c,12969,opj_j2k_post_write_tile
chakra-core_chakracore/CVE-2018-8500_cd84a0b8,,,,FunctionBody.cpp,2104,RegisterFunctionObjectType,/home/cyf/repo_dataset/chakra-core/ChakraCore/lib/Runtime/Language/JavascriptStackWalker.h,258,WalkUntil
chakra-core_chakracore/CVE-2018-8266_d52c72d2,,,,GlobOptFields.cpp,807,HasLiveObjectHeaderInlinedTypeSym,/home/cyf/repo_dataset/chakra-core/ChakraCore/lib/Backend/Func.cpp,1527,GetObjTypeSpecFldInfo
chakra-core_chakracore/CVE-2017-11792_4e319aa9,,,,JITManager.cpp,9,_Post_writable_byte_size_,/home/cyf/repo_dataset/chakra-core/ChakraCore/lib/Runtime/Types/SpreadArgument.h,71,GetTypeOfString
chakra-core_chakracore/CVE-2018-8629_69a259c8,FlowGraph.cpp,4935,MergePredBlocksValueMaps,,,,/home/cyf/repo_dataset/chakra-core/ChakraCore/lib/Backend/GlobOptFields.cpp,1156,ProcessPropOpInTypeCheckSeq
chakra-core_chakracore/CVE-2020-0813_e6abd1d1,ScriptContext.cpp,2834,AddToEvalMapHelper,,,,/home/cyf/repo_dataset/chakra-core/ChakraCore/lib/Common/Memory/Recycler.cpp,4147,EndCollection
chakra-core_chakracore/CVE-2018-0931_46c98f06,JavascriptStackWalker.cpp,1450,GetBottomMostInlineeOffset,,,,/home/cyf/repo_dataset/chakra-core/ChakraCore/pal/src/synchmgr/synchmanager.cpp,2511,SendMsgToRemoteWorker
chakra-core_chakracore/CVE-2020-0712_2e33d824,,,,ByteCodeEmitter.cpp,5907,EmitReference,/home/cyf/repo_dataset/chakra-core/ChakraCore/lib/Runtime/Language/AsmJsByteCodeGenerator.cpp,2346,EmitSwitch
chakra-core_chakracore/CVE-2018-8276_4196f809,JITServer.cpp,319,ServerAddDOMFastPathHelper,,,,/home/cyf/repo_dataset/chakra-core/ChakraCore/lib/Jsrt/Jsrt.cpp,1199,JsConvertValueToNumber
chakra-core_chakracore/CVE-2018-8354_5192cdc0,,,,Lower.cpp,9433,LowerLdArrViewElemWasm,/home/cyf/repo_dataset/chakra-core/ChakraCore/lib/wabt/src/binary-writer-spec.cc,122,WriteCommandType
chakra-core_chakracore/CVE-2017-11805_a9ea5c93,CrossSite.cpp,438,CommonThunk,,,,/home/cyf/repo_dataset/chakra-core/ChakraCore/lib/Jsrt/Core/JsrtCore.cpp,1106,JsGetAndClearExceptionWithMetadata
chakra-core_chakracore/CVE-2019-0923_97258470,,,,ByteCodeGenerator.cpp,155,EndVisitCatch,/home/cyf/repo_dataset/chakra-core/ChakraCore/lib/Runtime/Language/InterpreterStackFrame.cpp,7576,OP_CloneBlockScope
freerdp_freerdp/CVE-2020-4033_0a98c450,bitmap.c,88,RLEDECOMPRESS,bitmap.c,88,RLEDECOMPRESS,/home/cyf/repo_dataset/FreeRDP/FreeRDP/libfreerdp/codec/include/bitmap.h,98,RLEDECOMPRESS
freerdp_freerdp/CVE-2020-11525_58dc36b3,bitmap.c,272,bitmap_cache_new,bitmap.c,272,bitmap_cache_new,/home/cyf/repo_dataset/FreeRDP/FreeRDP/libfreerdp/cache/bitmap.c,405,bitmap_cache_free
freerdp_freerdp/CVE-2024-32658_1a755d89,interleaved.c,277,ExtractRunLengthMegaMega,,,,/home/cyf/repo_dataset/FreeRDP/FreeRDP/winpr/libwinpr/sspi/Kerberos/krb5glue_mit.c,91,krb5glue_log_error
freerdp_freerdp/CVE-2020-11086_c098f21f,,,,ntlm_compute.c,124,ntlm_read_ntlm_v2_client_challenge,/home/cyf/repo_dataset/FreeRDP/FreeRDP/channels/rail/client/rail_orders.c,89,rail_read_server_minmaxinfo_order
freerdp_freerdp/CVE-2018-8785_602f4a2e,zgfx.c,315,zgfx_decompress,,,,/home/cyf/repo_dataset/FreeRDP/FreeRDP/libfreerdp/core/transport.c,959,parse_default_mode_pdu
freerdp_freerdp/CVE-2020-11048_9301bfe7,,,,rdp.c,146,rdp_read_share_control_header,/home/cyf/repo_dataset/FreeRDP/FreeRDP/libfreerdp/crypto/ber.c,33,ber_read_length
freerdp_freerdp/CVE-2020-11058_3627aaf7,capabilities.c,1397,rdp_read_font_capability_set,capabilities.c,1397,rdp_read_font_capability_set,/home/cyf/repo_dataset/FreeRDP/FreeRDP/libfreerdp/crypto/er.c,198,er_write_contextual_tag
freerdp_freerdp/CVE-2020-11045_f8890a64,update.c,86,update_read_bitmap_data,update.c,86,update_read_bitmap_data,/home/cyf/repo_dataset/FreeRDP/FreeRDP/libfreerdp/core/orders.c,2820,update_read_cache_glyph_order
freerdp_freerdp/CVE-2024-32662_626d10a9,redirection.c,234,rdp_redirection_read_base64_wchar,,,,/home/cyf/repo_dataset/FreeRDP/FreeRDP/winpr/libwinpr/path/shell.c,184,GetPath_XDG_CONFIG_HOME
freerdp_freerdp/CVE-2022-41877_6655841c,,,,drive_main.c,613,drive_process_irp_query_directory,/home/cyf/repo_dataset/FreeRDP/FreeRDP/channels/urbdrc/client/data_transfer.c,801,urb_bulk_or_interrupt_transfer
freerdp_freerdp/CVE-2024-22211_939e9229,planar.c,1649,freerdp_bitmap_planar_context_reset,,,,/home/cyf/repo_dataset/FreeRDP/FreeRDP/winpr/libwinpr/sspi/Schannel/schannel_openssl.c,120,schannel_openssl_client_init
freerdp_freerdp/CVE-2018-8786_445a5a42,,,,update.c,195,update_read_bitmap_update,/home/cyf/repo_dataset/FreeRDP/FreeRDP/libfreerdp/cache/bitmap.c,266,bitmap_cache_register_callbacks
freerdp_freerdp/CVE-2020-11044_67c2aa52,,,,orders.c,2120,update_read_cache_bitmap_v3_order,/home/cyf/repo_dataset/FreeRDP/FreeRDP/libfreerdp/cache/bitmap.c,177,update_gdi_cache_bitmap_v3
freerdp_freerdp/CVE-2018-8789_2ee663f3,ntlm_message.c,93,ntlm_read_message_header,ntlm_message.c,93,ntlm_read_message_header,/home/cyf/repo_dataset/FreeRDP/FreeRDP/libfreerdp/crypto/er.c,31,er_read_length
freerdp_freerdp/CVE-2020-11096_b8beb559,,,,orders.c,116,get_cbr2_bpp,/home/cyf/repo_dataset/FreeRDP/FreeRDP/libfreerdp/primitives/primitives.c,420,primitives_avc444_frame_type_str
freerdp_freerdp/CVE-2020-11097_58a31222,ntlm_av_pairs.c,94,ntlm_av_pair_get_len,,,,/home/cyf/repo_dataset/FreeRDP/FreeRDP/libfreerdp/gdi/gdi.c,1312,gdi_resize
freerdp_freerdp/CVE-2022-39319_11555828,data_transfer.c,216,urbdrc_process_io_control,,,,/home/cyf/repo_dataset/FreeRDP/FreeRDP/libfreerdp/common/settings.c,303,freerdp_device_new
freerdp_freerdp/CVE-2024-32660_5e5d27cf,,,,zgfx.c,408,zgfx_decompress,/home/cyf/repo_dataset/FreeRDP/FreeRDP/libfreerdp/core/info.c,1258,rdp_recv_logon_info_extended
freerdp_freerdp/CVE-2020-11046_ed53cd14,update.c,755,update_recv,update.c,755,update_recv,/home/cyf/repo_dataset/FreeRDP/FreeRDP/libfreerdp/core/fastpath.c,279,fastpath_recv_update_common
freerdp_freerdp/CVE-2018-8788_d1112c27,,,,nsc.c,399,nsc_process_message,/home/cyf/repo_dataset/FreeRDP/FreeRDP/libfreerdp/codec/nsc.c,341,nsc_context_new
freerdp_freerdp/CVE-2020-11099_6ade7b4c,license.c,1215,license_read_new_or_upgrade_license_packet,,,,/home/cyf/repo_dataset/FreeRDP/FreeRDP/libfreerdp/core/license.c,2429,license_answer_license_request
freerdp_freerdp/CVE-2024-32659_6430945c,color.c,836,freerdp_image_copy,color.c,836,freerdp_image_copy,/home/cyf/repo_dataset/FreeRDP/FreeRDP/libfreerdp/primitives/prim_copy.c,347,generic_image_copy_no_overlap_no_alpha
freerdp_freerdp/CVE-2022-39318_80adde17,,,,libusb_udevice.c,1193,libusb_udev_isoch_transfer,/home/cyf/repo_dataset/FreeRDP/FreeRDP/channels/urbdrc/client/data_transfer.c,890,urb_isoch_transfer
freerdp_freerdp/CVE-2024-32661_71e463e3,info.c,1389,rdp_write_logon_info_v1,,,,/home/cyf/repo_dataset/FreeRDP/FreeRDP/libfreerdp/common/settings.c,881,freerdp_capability_buffer_resize
freerdp_freerdp/CVE-2019-17177_9fee4ae0,generate_argument_docbook.c,9,tr_esc_str,generate_argument_docbook.c,9,tr_esc_str,/home/cyf/repo_dataset/FreeRDP/FreeRDP/client/common/man/generate_argument_manpage.c,42,tr_esc_str
freerdp_freerdp/CVE-2018-1000852_baee520e,drdynvc_main.c,1021,drdynvc_process_data_first,,,,/home/cyf/repo_dataset/FreeRDP/FreeRDP/libfreerdp/core/connection.c,1187,rdp_client_connect_auto_detect
freerdp_freerdp/CVE-2023-39354_cd1da25a,nsc.c,217,nsc_stream_initialize,,,,/home/cyf/repo_dataset/FreeRDP/FreeRDP/libfreerdp/core/server.c,113,wts_read_variable_uint
open62541_open62541/CVE-2022-25761_b79db1ac,check_securechannel.c,43,setup_secureChannel,,,,/home/cyf/repo_dataset/open62541/open62541/arch/common/eventloop_mqtt.c,364,findIdenticalBrokerConnection
open62541_open62541/OSV-2017-101_9165b056,ua_types_encoding_binary.c,939,ExtensionObject_decodeBinaryContent,,,,/home/cyf/repo_dataset/open62541/open62541/plugins/crypto/mbedtls/securitypolicy_basic256.c,602,createSigningRequest_sp_basic256
imagemagick_imagemagick6/CVE-2019-13300_5e409ae7,,,,statistic.c,152,AcquirePixelThreadSet,/home/cyf/repo_dataset/ImageMagick/ImageMagick6/magick/statistic.c,158,AcquirePixelTLS
imagemagick_imagemagick6/CVE-2019-13295_55e6dc49,threshold.c,168,AdaptiveThresholdImage,threshold.c,168,AdaptiveThresholdImage,/home/cyf/repo_dataset/ImageMagick/ImageMagick6/magick/statistic.c,3650,StatisticImageChannel
imagemagick_imagemagick6/CVE-2023-3745_7486477a,tiff.c,1150,ReadTIFFImage,tiff.c,1150,ReadTIFFImage,/home/cyf/repo_dataset/ImageMagick/ImageMagick6/coders/miff.c,418,ReadMIFFImage
imagemagick_imagemagick6/CVE-2019-13307_91e58d96,,,,statistic.c,152,AcquirePixelThreadSet,/home/cyf/repo_dataset/ImageMagick/ImageMagick6/wand/magick-image.c,12790,MagickTransformImage
imagemagick_imagemagick6/CVE-2019-15141_3c53413e,tiff.c,3190,WriteTIFFImage,,,,/home/cyf/repo_dataset/ImageMagick/ImageMagick6/coders/jpeg.c,2301,WriteJPEGImage_
imagemagick_imagemagick6/CVE-2019-13308_19651f3d,gif.c,544,EncodeImage,gif.c,544,EncodeImage,/home/cyf/repo_dataset/ImageMagick/ImageMagick6/coders/bmp.c,392,EncodeImage
imagemagick_imagemagick6/CVE-2022-32546_29c8abce,,,,pcl.c,146,ReadPCLImage,/home/cyf/repo_dataset/ImageMagick/ImageMagick6/magick/image.c,2752,SetImageInfo
imagemagick_imagemagick6/CVE-2022-32545_450949ed,psd.c,986,ReadPSDChannelPixels,psd.c,986,ReadPSDChannelPixels,/home/cyf/repo_dataset/ImageMagick/ImageMagick6/magick/quantum.c,157,AcquireQuantumPixels
imagemagick_imagemagick6/CVE-2023-3195_85a370c7,,,,tiff.c,1072,ReadTIFFImage,/home/cyf/repo_dataset/ImageMagick/ImageMagick6/coders/dcm.c,3010,ReadDCMImage
imagemagick_imagemagick6/CVE-2022-1115_1f860f52,tiff.c,1073,ReadTIFFImage,tiff.c,1073,ReadTIFFImage,/home/cyf/repo_dataset/ImageMagick/ImageMagick6/coders/dcm.c,3010,ReadDCMImage
imagemagick_imagemagick6/CVE-2019-13306_cb5ec7d9,pnm.c,1528,WritePNMImage,pnm.c,1528,WritePNMImage,/home/cyf/repo_dataset/ImageMagick/ImageMagick6/coders/pnm.c,229,ReadPNMImage
imagemagick_imagemagick6/CVE-2021-20224_553054c1,,,,quantum-export.c,2493,ExportIndexQuantum,/home/cyf/repo_dataset/ImageMagick/ImageMagick6/magick/image.c,2372,SetImageBackgroundColor
imagemagick_imagemagick6/CVE-2019-14980_614a2572,blob.c,692,DetachBlob,,,,/home/cyf/repo_dataset/ImageMagick/ImageMagick6/wand/deprecate.c,175,MagickAverageImages
imagemagick_imagemagick6/CVE-2022-3213_1aea203e,,,,tiff.c,1073,ReadTIFFImage,/home/cyf/repo_dataset/ImageMagick/ImageMagick6/coders/dcm.c,3010,ReadDCMImage
imagemagick_imagemagick6/CVE-2019-13305_5c7fbf9a,pnm.c,1528,WritePNMImage,pnm.c,1528,WritePNMImage,/home/cyf/repo_dataset/ImageMagick/ImageMagick6/coders/pnm.c,229,ReadPNMImage
imagemagick_imagemagick6/CVE-2019-13135_1e59b29e,cut.c,337,ReadCUTImage,,,,/home/cyf/repo_dataset/ImageMagick/ImageMagick6/magick/enhance.c,1780,EqualizeImageChannel
imagemagick_imagemagick6/CVE-2019-13454_4f31d787,layer.c,1642,RemoveDuplicateLayers,,,,/home/cyf/repo_dataset/ImageMagick/ImageMagick6/magick/blob.c,1557,GetBlobSize
imagemagick_imagemagick6/CVE-2019-11472_f663dfb8,xwd.c,151,ReadXWDImage,xwd.c,151,ReadXWDImage,/home/cyf/repo_dataset/ImageMagick/ImageMagick6/magick/constitute.c,434,ReadImage
imagemagick_imagemagick6/CVE-2021-3574_cd7f9fb7,tiff.c,1073,ReadTIFFImage,tiff.c,1073,ReadTIFFImage,/home/cyf/repo_dataset/ImageMagick/ImageMagick6/coders/bmp.c,585,ReadBMPImage
imagemagick_imagemagick6/CVE-2019-13297_35c70327,threshold.c,168,AdaptiveThresholdImage,threshold.c,168,AdaptiveThresholdImage,/home/cyf/repo_dataset/ImageMagick/ImageMagick6/magick/statistic.c,3650,StatisticImageChannel
imagemagick_imagemagick6/CVE-2019-14981_b522d2d8,feature.c,2174,MeanShiftImage,,,,/home/cyf/repo_dataset/ImageMagick/ImageMagick6/magick/enhance.c,1574,EnhanceImage
imagemagick_imagemagick6/CVE-2023-1906_e30c693b,tiff.c,1079,ReadTIFFImage,,,,/home/cyf/repo_dataset/ImageMagick/ImageMagick6/coders/dcm.c,3010,ReadDCMImage
imagemagick_imagemagick6/CVE-2022-28463_e6ea5876,cin.c,380,ReadCINImage,cin.c,380,ReadCINImage,/home/cyf/repo_dataset/ImageMagick/ImageMagick6/coders/dib.c,462,ReadDIBImage
imagemagick_imagemagick6/CVE-2019-13137_7d112300,,,,ps.c,400,ReadPSImage,/home/cyf/repo_dataset/ImageMagick/ImageMagick6/wand/identify.c,176,IdentifyImageCommand
libarchive_libarchive/OSV-2022-13_52efa50c,archive_read_support_format_rar.c,1984,read_data_compressed,,,,/home/cyf/repo_dataset/libarchive/libarchive/libarchive/archive_disk_acl_sunos.c,445,set_acl
libarchive_libarchive/OSV-2018-68_3614747a,,,,archive_read_support_format_rar5.c,2287,parse_tables,/home/cyf/repo_dataset/libarchive/libarchive/libarchive/archive_write_set_format_cpio_odc.c,276,write_header
libarchive_libarchive/CVE-2019-18408_b8592ecb,archive_read_support_format_rar.c,990,archive_read_format_rar_read_data,,,,/home/cyf/repo_dataset/libarchive/libarchive/libarchive/archive_read_support_format_iso9660.c,2365,register_CE
libarchive_libarchive/CVE-2019-1000020_8312eaa5,archive_read_support_format_iso9660.c,2265,register_CE,archive_read_support_format_iso9660.c,2274,register_CE,/home/cyf/repo_dataset/libarchive/libarchive/libarchive/archive_read_support_format_zip.c,4269,archive_read_format_zip_seekable_read_header
libarchive_libarchive/CVE-2016-1541_d0331e8e,,,,archive_read_support_format_zip.c,2769,zip_read_mac_metadata,/home/cyf/repo_dataset/libarchive/libarchive/libarchive/archive_read_support_format_iso9660.c,1035,read_children
libarchive_libarchive/CVE-2019-1000019_65a23f5d,archive_read_support_format_7zip.c,2958,get_uncompressed_data,archive_read_support_format_7zip.c,2958,get_uncompressed_data,/home/cyf/repo_dataset/libarchive/libarchive/libarchive/archive_read_support_format_zip.c,1961,zip_read_data_zipx_lzma_alone
libarchive_libarchive/CVE-2019-20509_91cf9372,archive_read_support_format_lha.c,1133,lha_read_file_extended_header,archive_read_support_format_lha.c,1133,lha_read_file_extended_header,/home/cyf/repo_dataset/libarchive/libarchive/libarchive/archive_read_support_format_rar5.c,1733,process_head_file
libarchive_libarchive/CVE-2021-23177_fba4f123,archive_disk_acl_freebsd.c,321,set_acl,archive_disk_acl_freebsd.c,321,set_acl,/home/cyf/repo_dataset/libarchive/libarchive/libarchive/archive_read_support_format_mtree.c,1603,parse_keyword
libarchive_libarchive/OSV-2018-130_4bd12b6f,,,,archive_read_support_format_rar5.c,2287,parse_tables,/home/cyf/repo_dataset/libarchive/libarchive/libarchive/archive_read_support_format_7zip.c,2377,read_CodersInfo
libarchive_libarchive/CVE-2016-6250_3014e198,,,,archive_write_set_format_iso9660.c,6220,isoent_gen_joliet_identifier,/home/cyf/repo_dataset/libarchive/libarchive/libarchive/archive_read_support_format_rar.c,1189,archive_read_format_rar_seek_data
libarchive_libarchive/CVE-2013-0211_22531545,archive_write.c,673,_archive_write_data,,,,/home/cyf/repo_dataset/libarchive/libarchive/libarchive/archive_match.c,1597,archive_match_include_gid
libarchive_libarchive/CVE-2016-4809_fd7e0c02,,,,archive_read_support_format_cpio.c,355,archive_read_format_cpio_read_header,/home/cyf/repo_dataset/libarchive/libarchive/tar/write.c,447,write_archive
libarchive_libarchive/CVE-2018-1000877_021efa52,archive_read_support_format_rar.c,2052,parse_codes,archive_read_support_format_rar.c,2052,parse_codes,/home/cyf/repo_dataset/libarchive/libarchive/libarchive/archive_write_set_format_ustar.c,386,__archive_write_format_header_ustar
libarchive_libarchive/CVE-2024-37407_b6a97948,,,,archive_read_support_format_zip.c,3894,slurp_central_directory,/home/cyf/repo_dataset/libarchive/libarchive/libarchive/archive_disk_acl_sunos.c,445,set_acl
libarchive_libarchive/CVE-2020-9308_94821008,,,,archive_read_support_format_rar5.c,2085,process_base_block,/home/cyf/repo_dataset/libarchive/libarchive/libarchive/archive_read_support_format_zip.c,2694,read_decryption_header
libarchive_libarchive/CVE-2016-4302_05caadc7,archive_read_support_format_rar.c,2063,parse_codes,archive_read_support_format_rar.c,2063,parse_codes,/home/cyf/repo_dataset/libarchive/libarchive/libarchive/archive_write_set_format_ustar.c,386,__archive_write_format_header_ustar
libarchive_libarchive/CVE-2018-1000880_9c84b742,,,,archive_read_support_format_warc.c,373,_warc_read,/home/cyf/repo_dataset/libarchive/libarchive/libarchive/archive_read_support_format_cpio.c,323,archive_read_format_cpio_options
libarchive_libarchive/OSV-2020-543_9950d896,,,,archive_read_support_format_rar5.c,3677,rar5_read_data,/home/cyf/repo_dataset/libarchive/libarchive/libarchive/archive_write_add_filter_uuencode.c,102,archive_filter_uuencode_options
libarchive_libarchive/CVE-2016-7166_6e06b1c8,archive_read.c,549,choose_filters,,,,/home/cyf/repo_dataset/libarchive/libarchive/libarchive/archive_read_support_format_7zip.c,467,archive_read_support_format_7zip
libarchive_libarchive/CVE-2021-31566_b41daecb,archive_write_disk_posix.c,2633,new_fixup,,,,/home/cyf/repo_dataset/libarchive/libarchive/unzip/bsdunzip.c,250,pathcat
libarchive_libarchive/CVE-2019-19221_22b1db9d,archive_string.c,441,archive_wstring_append_from_mbs,archive_string.c,441,archive_wstring_append_from_mbs,/home/cyf/repo_dataset/libarchive/libarchive/libarchive/archive_string.c,701,archive_string_append_from_wcs
libarchive_libarchive/OSV-2020-273_c9267d66,archive_read_support_format_rar5.c,1572,process_head_file,archive_read_support_format_rar5.c,1573,process_head_file,/home/cyf/repo_dataset/libarchive/libarchive/libarchive/archive_read_disk_posix.c,839,next_entry
libarchive_libarchive/OSV-2018-160_b52dd6c9,archive_read_support_format_rar5.c,1837,init_unpack,,,,/home/cyf/repo_dataset/libarchive/libarchive/libarchive/archive_read_support_format_rar5.c,3105,copy_string
libarchive_libarchive/CVE-2018-1000878_bfcfe6f0,archive_read_support_format_rar.c,2920,rar_read_ahead,,,,/home/cyf/repo_dataset/libarchive/libarchive/libarchive/archive_write_set_format_shar.c,142,archive_write_set_format_shar_dump
libarchive_libarchive/CVE-2016-4301_a550daee,archive_read_support_format_mtree.c,1359,parse_device,archive_read_support_format_mtree.c,1359,parse_device,/home/cyf/repo_dataset/libarchive/libarchive/libarchive/archive_read_support_format_cpio.c,835,header_afiol
libarchive_libarchive/CVE-2017-14166_fa7438a0,archive_read_support_format_xar.c,1038,atol10,archive_read_support_format_xar.c,1056,atol8,/home/cyf/repo_dataset/libarchive/libarchive/libarchive/archive_write_add_filter_b64encode.c,285,atol8
libarchive_libarchive/OSV-2020-506_2fce6f81,archive_read_support_format_rar5.c,1332,parse_file_extra_owner,,,,/home/cyf/repo_dataset/libarchive/libarchive/libarchive/archive_read_support_format_iso9660.c,1035,read_children
libarchive_libarchive/CVE-2018-1000879_15bf44fd,archive_acl.c,1629,archive_acl_from_text_l,archive_acl.c,1629,archive_acl_from_text_l,/home/cyf/repo_dataset/libarchive/libarchive/libarchive/archive_disk_acl_freebsd.c,106,translate_acl
fluent_fluent-bit/OSV-2020-2075_61164218,flb_parser.c,108,flb_parser_create,flb_parser.c,140,flb_parser_create,/home/cyf/repo_dataset/fluent/fluent-bit/src/flb_task.c,352,flb_task_create
imagemagick_imagemagick/CVE-2018-16323_216d117f,xbm.c,171,ReadXBMImage,,,,/home/cyf/repo_dataset/ImageMagick/ImageMagick/coders/emf.c,658,ReadEMFImage
imagemagick_imagemagick/CVE-2020-27829_6ee5059c,tiff.c,1275,ReadTIFFImage,tiff.c,1275,ReadTIFFImage,/home/cyf/repo_dataset/ImageMagick/ImageMagick/coders/ps2.c,228,WritePS2Image
imagemagick_imagemagick/CVE-2016-7534_430403b0,quantum-import.c,1388,ImportCbYCrYQuantum,,,,/home/cyf/repo_dataset/ImageMagick/ImageMagick/coders/heic.c,1099,WriteHEICImageYCbCr
imagemagick_imagemagick/CVE-2019-7396_748a0365,sixel.c,978,ReadSIXELImage,sixel.c,978,ReadSIXELImage,/home/cyf/repo_dataset/ImageMagick/ImageMagick/coders/vips.c,365,ReadVIPSImage
imagemagick_imagemagick/CVE-2017-5510_91cc3f36,psd.c,2459,WritePSDChannel,psd.c,2459,WritePSDChannel,/home/cyf/repo_dataset/ImageMagick/ImageMagick/www/source/mgk.c,124,ReadMGKImage
imagemagick_imagemagick/CVE-2017-16546_2130bf6f,wpg.c,840,ReadWPGImage,wpg.c,840,ReadWPGImage,/home/cyf/repo_dataset/ImageMagick/ImageMagick/coders/xwd.c,151,ReadXWDImage
imagemagick_imagemagick/CVE-2016-6491_dd84447b,property.c,579,Get8BIMProperty,,,,/home/cyf/repo_dataset/ImageMagick/ImageMagick/MagickCore/delegate.c,914,InterpretDelegateProperties
imagemagick_imagemagick/CVE-2017-12664_0417cea1,quantize.c,3298,SetGrayscaleImage,quantize.c,3298,SetGrayscaleImage,/home/cyf/repo_dataset/ImageMagick/ImageMagick/coders/vips.c,365,ReadVIPSImage
imagemagick_imagemagick/CVE-2016-7520_14e606db,,,,hdr.c,658,WriteHDRImage,/home/cyf/repo_dataset/ImageMagick/ImageMagick/coders/braille.c,177,WriteBRAILLEImage
imagemagick_imagemagick/CVE-2016-10061_4e914bbe,,,,tiff.c,311,ReadGROUP4Image,/home/cyf/repo_dataset/ImageMagick/ImageMagick/coders/ept.c,412,WriteEPTImage
imagemagick_imagemagick/CVE-2017-9098_1c358ffe,rle.c,127,ReadRLEImage,rle.c,127,ReadRLEImage,/home/cyf/repo_dataset/ImageMagick/ImageMagick/coders/sun.c,218,ReadSUNImage
imagemagick_imagemagick/CVE-2016-10070_a6240a16,mat.c,598,ReadMATImage,mat.c,598,ReadMATImage,/home/cyf/repo_dataset/ImageMagick/ImageMagick/coders/icon.c,276,ReadICONImage
imagemagick_imagemagick/CVE-2019-11470_e3cdce6f,cin.c,379,ReadCINImage,cin.c,379,ReadCINImage,/home/cyf/repo_dataset/ImageMagick/ImageMagick/coders/dib.c,462,ReadDIBImage
imagemagick_imagemagick/CVE-2017-15032_241988ca,ycbcr.c,99,ReadYCBCRImage,ycbcr.c,99,ReadYCBCRImage,/home/cyf/repo_dataset/ImageMagick/ImageMagick/coders/pnm.c,1775,WritePNMImage
imagemagick_imagemagick/CVE-2017-5509_d4ec73f8,psd.c,1085,ReadPSDChannelRLE,psd.c,1085,ReadPSDChannelRLE,/home/cyf/repo_dataset/ImageMagick/ImageMagick/coders/hrz.c,95,ReadHRZImage
imagemagick_imagemagick/CVE-2018-20467_db0add93,bmp.c,510,ReadBMPImage,bmp.c,510,ReadBMPImage,/home/cyf/repo_dataset/ImageMagick/ImageMagick/coders/dcm.c,3049,ReadDCMImage
imagemagick_imagemagick/CVE-2016-5841_d8ab7f04,,,,profile.c,1719,ReadProfileShort,/home/cyf/repo_dataset/ImageMagick/ImageMagick/coders/dcm.c,2824,ReadDCMSignedShort
imagemagick_imagemagick/CVE-2017-13146_79e5dbcd,mat.c,584,ReadMATImageV4,mat.c,584,ReadMATImageV4,/home/cyf/repo_dataset/ImageMagick/ImageMagick/coders/vips.c,365,ReadVIPSImage
imagemagick_imagemagick/CVE-2023-5341_aa673b2e,bmp.c,578,ReadBMPImage,bmp.c,578,ReadBMPImage,/home/cyf/repo_dataset/ImageMagick/ImageMagick/coders/dcm.c,3049,ReadDCMImage
imagemagick_imagemagick/CVE-2017-13143_51b0ae01,mat.c,843,ReadMATImage,mat.c,843,ReadMATImage,/home/cyf/repo_dataset/ImageMagick/ImageMagick/coders/tga.c,146,ReadTGAImage
imagemagick_imagemagick/CVE-2016-9556_ce98a7ac,sgi.c,256,ReadSGIImage,,,,/home/cyf/repo_dataset/ImageMagick/ImageMagick/MagickWand/operation.c,4850,CLINoImageOperator
imagemagick_imagemagick/CVE-2019-13133_fe306612,viff.c,141,ReadVIFFImage,viff.c,141,ReadVIFFImage,/home/cyf/repo_dataset/ImageMagick/ImageMagick/coders/png.c,4093,ReadOneJNGImage
imagemagick_imagemagick/CVE-2016-10060_933e96f0,,,,magick-cli.c,638,ConcatenateImages,/home/cyf/repo_dataset/ImageMagick/ImageMagick/MagickWand/magick-image.c,6482,MagickIdentifyImage
imagemagick_imagemagick/CVE-2017-9499_7fd41944,mpc.c,145,ReadMPCImage,mpc.c,145,ReadMPCImage,/home/cyf/repo_dataset/ImageMagick/ImageMagick/coders/gif.c,956,ReadGIFImage
imagemagick_imagemagick/CVE-2017-14175_d9a8234d,xbm.c,171,ReadXBMImage,xbm.c,171,ReadXBMImage,/home/cyf/repo_dataset/ImageMagick/ImageMagick/coders/emf.c,658,ReadEMFImage
imagemagick_imagemagick/CVE-2017-15033_ef8f4068,,,,yuv.c,99,ReadYUVImage,/home/cyf/repo_dataset/ImageMagick/ImageMagick/coders/gif.c,956,ReadGIFImage
imagemagick_imagemagick/CVE-2016-6823_4cc6ec8a,bmp.c,1511,WriteBMPImage,,,,/home/cyf/repo_dataset/ImageMagick/ImageMagick/coders/gif.c,1494,WriteGIFImage
imagemagick_imagemagick/CVE-2015-8897_7b1cf578,transform.c,1703,SpliceImage,transform.c,1703,SpliceImage,/home/cyf/repo_dataset/ImageMagick/ImageMagick/MagickCore/channel.c,982,SetImageAlphaChannel
imagemagick_imagemagick/CVE-2017-12667_bfb7915d,mat.c,845,ReadMATImage,mat.c,845,ReadMATImage,/home/cyf/repo_dataset/ImageMagick/ImageMagick/coders/icon.c,276,ReadICONImage
imagemagick_imagemagick/CVE-2017-12666_d5559407,inline.c,277,WriteINLINEImage,inline.c,277,WriteINLINEImage,/home/cyf/repo_dataset/ImageMagick/ImageMagick/MagickWand/drawing-wand.c,987,DrawComposite
imagemagick_imagemagick/CVE-2016-5688_aecd0ada,,,,cache.c,3322,OpenPixelCache,/home/cyf/repo_dataset/ImageMagick/ImageMagick/coders/yuv.c,99,ReadYUVImage
imagemagick_imagemagick/CVE-2017-14172_bdbbb13f,ps.c,1036,RegisterPSImage,ps.c,1039,RegisterPSImage,/home/cyf/repo_dataset/ImageMagick/ImageMagick/coders/ept.c,326,RegisterEPTImage
imagemagick_imagemagick/CVE-2019-7175_1e6a3ace,pcd.c,113,DecodeImage,pcd.c,113,DecodeImage,/home/cyf/repo_dataset/ImageMagick/ImageMagick/coders/sun.c,141,DecodeImage
imagemagick_imagemagick/CVE-2016-10071_1bc1fd0f,mat.c,598,ReadMATImage,mat.c,598,ReadMATImage,/home/cyf/repo_dataset/ImageMagick/ImageMagick/coders/icon.c,276,ReadICONImage
imagemagick_imagemagick/CVE-2015-8959_cc2a4d2b,,,,dds.c,2399,SkipRGBMipmaps,/home/cyf/repo_dataset/ImageMagick/ImageMagick/coders/dds.c,1414,ReadMipmaps
imagemagick_imagemagick/CVE-2019-13298_d4fc44b5,enhance.c,1832,EnhanceImage,enhance.c,1832,EnhanceImage,/home/cyf/repo_dataset/ImageMagick/ImageMagick/coders/video.c,546,WriteVIDEOImage
imagemagick_imagemagick/CVE-2019-13302_d5089971,,,,fourier.c,130,ComplexImages,/home/cyf/repo_dataset/ImageMagick/ImageMagick/MagickWand/mogrify.c,226,SparseColorOption
imagemagick_imagemagick/CVE-2016-7533_bef1e4f6,wpg.c,850,ReadWPGImage,wpg.c,850,ReadWPGImage,/home/cyf/repo_dataset/ImageMagick/ImageMagick/coders/xwd.c,151,ReadXWDImage
imagemagick_imagemagick/CVE-2023-34474_1061db7f,,,,profile.c,2444,ReplaceXmpValue,/home/cyf/repo_dataset/ImageMagick/ImageMagick/MagickWand/magick-property.c,724,MagickGetImageProfile
imagemagick_imagemagick/CVE-2016-7536_02dadf11,profile.c,1383,WriteTo8BimProfile,profile.c,1383,WriteTo8BimProfile,/home/cyf/repo_dataset/ImageMagick/ImageMagick/coders/heic.c,244,ReadHEICExifProfile
imagemagick_imagemagick/CVE-2017-14341_7d63315a,wpg.c,859,ReadWPGImage,wpg.c,859,ReadWPGImage,/home/cyf/repo_dataset/ImageMagick/ImageMagick/coders/xwd.c,151,ReadXWDImage
imagemagick_imagemagick/CVE-2015-8900_97aa7d7c,,,,hdr.c,135,ReadHDRImage,/home/cyf/repo_dataset/ImageMagick/ImageMagick/coders/dib.c,1097,WriteDIBImage
imagemagick_imagemagick/CVE-2017-9143_3b0fe05c,art.c,98,ReadARTImage,,,,/home/cyf/repo_dataset/ImageMagick/ImageMagick/www/source/mgk.c,124,ReadMGKImage
imagemagick_imagemagick/CVE-2017-11448_f6463ca9,jpeg.c,993,ReadJPEGImage,jpeg.c,993,ReadJPEGImage,/home/cyf/repo_dataset/ImageMagick/ImageMagick/coders/icon.c,276,ReadICONImage
imagemagick_imagemagick/CVE-2017-12668_2ba8f335,pcx.c,853,WritePCXImage,pcx.c,853,WritePCXImage,/home/cyf/repo_dataset/ImageMagick/ImageMagick/coders/caption.c,107,ReadCAPTIONImage
imagemagick_imagemagick/CVE-2017-12663_1dc0ac50,map.c,338,WriteMAPImage,map.c,338,WriteMAPImage,/home/cyf/repo_dataset/ImageMagick/ImageMagick/coders/art.c,286,WriteARTImage
imagemagick_imagemagick/CVE-2021-3610_930ff0d1,tiff.c,1189,ReadTIFFImage,tiff.c,1189,ReadTIFFImage,/home/cyf/repo_dataset/ImageMagick/ImageMagick/coders/ps2.c,228,WritePS2Image
imagemagick_imagemagick/CVE-2019-15139_c78993d1,xwd.c,681,RegisterXWDImage,,,,/home/cyf/repo_dataset/ImageMagick/ImageMagick/MagickWand/magick-property.c,82,MagickDeleteImageArtifact
imagemagick_imagemagick/CVE-2017-12877_04178de2,mat.c,845,ReadMATImage,mat.c,845,ReadMATImage,/home/cyf/repo_dataset/ImageMagick/ImageMagick/coders/tga.c,146,ReadTGAImage
imagemagick_imagemagick/CVE-2018-16641_256825d4,tiff.c,3091,TIFFWritePhotoshopLayers,tiff.c,3091,TIFFWritePhotoshopLayers,/home/cyf/repo_dataset/ImageMagick/ImageMagick/coders/heic.c,244,ReadHEICExifProfile
imagemagick_imagemagick/CVE-2016-7525_5f166407,,,,psd.c,575,GetPSDRowSize,/home/cyf/repo_dataset/ImageMagick/ImageMagick/Magick++/lib/Image.cpp,3503,linearStretch
imagemagick_imagemagick/CVE-2016-7532_4f2c04ea,psd.c,2628,WritePSDImage,psd.c,2633,WritePSDImage,/home/cyf/repo_dataset/ImageMagick/ImageMagick/coders/gif.c,1494,WriteGIFImage
imagemagick_imagemagick/CVE-2022-0284_e50f19fd,xpm.c,622,WritePICONImage,,,,/home/cyf/repo_dataset/ImageMagick/ImageMagick/coders/caption.c,107,ReadCAPTIONImage
imagemagick_imagemagick/CVE-2016-7526_998c687f,wpg.c,850,ReadWPGImage,wpg.c,848,ReadWPGImage,/home/cyf/repo_dataset/ImageMagick/ImageMagick/coders/xwd.c,151,ReadXWDImage
imagemagick_imagemagick/CVE-2016-10053_728dc6a6,tiff.c,3083,WriteTIFFImage,tiff.c,3083,WriteTIFFImage,/home/cyf/repo_dataset/ImageMagick/ImageMagick/coders/dcm.c,3049,ReadDCMImage
imagemagick_imagemagick/CVE-2017-11447_72a50e40,,,,screenshot.c,101,ReadSCREENSHOTImage,/home/cyf/repo_dataset/ImageMagick/ImageMagick/www/source/mgk.c,124,ReadMGKImage
imagemagick_imagemagick/CVE-2017-12669_73b6c35c,,,,cals.c,425,WriteCALSImage,/home/cyf/repo_dataset/ImageMagick/ImageMagick/coders/clipboard.c,107,ReadCLIPBOARDImage
imagemagick_imagemagick/CVE-2019-7395_8a43abef,,,,psd.c,2708,WritePSDChannel,/home/cyf/repo_dataset/ImageMagick/ImageMagick/www/source/mgk.c,363,WriteMGKImage
imagemagick_imagemagick/CVE-2019-7397_306c1f0f,pdf.c,1200,WritePDFImage,pdf.c,1200,WritePDFImage,/home/cyf/repo_dataset/ImageMagick/ImageMagick/MagickCore/identify.c,473,IdentifyImage
imagemagick_imagemagick/CVE-2016-7529_a2e1064f,xcf.c,327,load_tile,xcf.c,327,load_tile,/home/cyf/repo_dataset/ImageMagick/ImageMagick/coders/djvu.c,322,get_page_image
imagemagick_imagemagick/CVE-2016-10065_134463b9,quantum-import.c,2009,ImportGrayQuantum,quantum-import.c,2009,ImportGrayQuantum,/home/cyf/repo_dataset/ImageMagick/ImageMagick/MagickCore/quantum-export.c,646,ExportBGRAQuantum
imagemagick_imagemagick/CVE-2016-9298_3cbfb163,fx.c,5813,WaveletDenoiseImage,fx.c,5813,WaveletDenoiseImage,/home/cyf/repo_dataset/ImageMagick/ImageMagick/coders/exr.c,686,ReadEXRImage
imagemagick_imagemagick/CVE-2018-16645_ecb31dba,bmp.c,510,ReadBMPImage,bmp.c,510,ReadBMPImage,/home/cyf/repo_dataset/ImageMagick/ImageMagick/coders/dcm.c,3049,ReadDCMImage
imagemagick_imagemagick/CVE-2019-17541_39f226a9,jpeg.c,599,ReadIPTCProfile,jpeg.c,487,ReadICCProfile,/home/cyf/repo_dataset/ImageMagick/ImageMagick/coders/avs.c,95,ReadAVSImage
imagemagick_imagemagick/CVE-2016-7515_2ad6d334,rle.c,127,ReadRLEImage,rle.c,127,ReadRLEImage,/home/cyf/repo_dataset/ImageMagick/ImageMagick/coders/sun.c,218,ReadSUNImage
imagemagick_imagemagick/CVE-2016-8677_6e48aa92,tiff.c,1071,ReadTIFFImage,tiff.c,1071,ReadTIFFImage,/home/cyf/repo_dataset/ImageMagick/ImageMagick/coders/dcm.c,3049,ReadDCMImage
imagemagick_imagemagick/CVE-2017-14173_50f54462,txt.c,376,ReadTXTImage,txt.c,376,ReadTXTImage,/home/cyf/repo_dataset/ImageMagick/ImageMagick/coders/mac.c,89,ReadMACImage
imagemagick_imagemagick/CVE-2017-9141_0c5b1e43,,,,dds.c,1633,ReadDDSImage,/home/cyf/repo_dataset/ImageMagick/ImageMagick/coders/flif.c,106,ReadFLIFImage
imagemagick_imagemagick/CVE-2016-7101_7afcf9f7,sgi.c,256,ReadSGIImage,sgi.c,256,ReadSGIImage,/home/cyf/repo_dataset/ImageMagick/ImageMagick/MagickWand/operation.c,4850,CLINoImageOperator
imagemagick_imagemagick/CVE-2015-8894_4f68e966,tga.c,143,ReadTGAImage,tga.c,143,ReadTGAImage,/home/cyf/repo_dataset/ImageMagick/ImageMagick/coders/dps.c,95,ReadDPSImage
imagemagick_imagemagick/CVE-2016-10052_13267a10,jpeg.c,1911,WriteProfile,jpeg.c,1911,WriteProfile,/home/cyf/repo_dataset/ImageMagick/ImageMagick/coders/heic.c,1024,WriteProfile
imagemagick_imagemagick/CVE-2017-13145_f13c6b54,jp2.c,253,ReadJP2Image,jp2.c,253,ReadJP2Image,/home/cyf/repo_dataset/ImageMagick/ImageMagick/coders/rgb.c,1002,ReadRGB565Image
imagemagick_imagemagick/CVE-2017-14174_04a56749,psd.c,1295,ReadPSDChannel,psd.c,1295,ReadPSDChannel,/home/cyf/repo_dataset/ImageMagick/ImageMagick/MagickWand/magick-image.c,7535,MagickMontageImage
imagemagick_imagemagick/CVE-2016-7528_7be16a28,viff.c,140,ReadVIFFImage,viff.c,140,ReadVIFFImage,/home/cyf/repo_dataset/ImageMagick/ImageMagick/coders/pict.c,819,ReadPICTImage
imagemagick_imagemagick/CVE-2016-10064_63302366,tiff.c,1070,ReadTIFFImage,tiff.c,1071,ReadTIFFImage,/home/cyf/repo_dataset/ImageMagick/ImageMagick/coders/dcm.c,3049,ReadDCMImage
imagemagick_imagemagick/CVE-2016-4562_726812fa,draw.c,1388,DrawClipPath,draw.c,1388,DrawClipPath,/home/cyf/repo_dataset/ImageMagick/ImageMagick/MagickWand/mogrify.c,9022,MogrifyImages
imagemagick_imagemagick/CVE-2016-10049_13db820f,rle.c,127,ReadRLEImage,rle.c,127,ReadRLEImage,/home/cyf/repo_dataset/ImageMagick/ImageMagick/coders/sun.c,218,ReadSUNImage
imagemagick_imagemagick/CVE-2019-15140_f7206618,mat.c,590,ReadMATImageV4,,,,/home/cyf/repo_dataset/ImageMagick/ImageMagick/coders/vips.c,365,ReadVIPSImage
imagemagick_imagemagick/CVE-2016-10063_94936efd,tiff.c,1070,ReadTIFFImage,tiff.c,1070,ReadTIFFImage,/home/cyf/repo_dataset/ImageMagick/ImageMagick/coders/dcm.c,3049,ReadDCMImage
imagemagick_imagemagick/CVE-2021-39212_01faddbe,module.c,1221,OpenModule,,,,/home/cyf/repo_dataset/ImageMagick/ImageMagick/coders/ora.c,106,ReadORAImage
imagemagick_imagemagick/CVE-2016-7514_198fffab,psd.c,1750,ReadPSDImage,,,,/home/cyf/repo_dataset/ImageMagick/ImageMagick/coders/caption.c,107,ReadCAPTIONImage
imagemagick_imagemagick/CVE-2016-7527_b3dd69b2,,,,wpg.c,736,ExtractPostscript,/home/cyf/repo_dataset/ImageMagick/ImageMagick/coders/dot.c,98,ReadDOTImage
imagemagick_imagemagick/CVE-2017-15277_9fd10cf6,gif.c,942,ReadGIFImage,,,,/home/cyf/repo_dataset/ImageMagick/ImageMagick/MagickWand/operation.c,4850,CLINoImageOperator
imagemagick_imagemagick/CVE-2016-10050_139d4323,rle.c,127,ReadRLEImage,rle.c,127,ReadRLEImage,/home/cyf/repo_dataset/ImageMagick/ImageMagick/coders/sun.c,218,ReadSUNImage
imagemagick_imagemagick/CVE-2016-7522_4b1b9c05,psd.c,1757,ReadPSDImage,psd.c,1757,ReadPSDImage,/home/cyf/repo_dataset/ImageMagick/ImageMagick/coders/xps.c,132,ReadXPSImage
imagemagick_imagemagick/CVE-2016-7537_6d202a05,pdb.c,702,WritePDBImage,pdb.c,702,WritePDBImage,/home/cyf/repo_dataset/ImageMagick/ImageMagick/coders/yuv.c,615,WriteYUVImage
imagemagick_imagemagick/CVE-2016-7530_c4e63ad3,,,,quantum.c,658,SetQuantumDepth,/home/cyf/repo_dataset/ImageMagick/ImageMagick/coders/jpeg.c,1671,ReadJPEGImage
opensips_opensips/CVE-2023-28096_41756870,,,,cJSON.c,1391,parse_object,/home/cyf/repo_dataset/OpenSIPS/opensips/modules/dispatcher/dispatch.c,2195,ds_mark_dst
opensips_opensips/CVE-2023-27596_dd051f8e,codecs.c,384,stream_process,codecs.c,384,stream_process,/home/cyf/repo_dataset/OpenSIPS/opensips/modules/event_stream/stream_send.c,712,stream_process
opensips_opensips/CVE-2023-27599_cb56694d,parse_to.c,92,parse_to_param,,,,/home/cyf/repo_dataset/OpenSIPS/opensips/parser/parse_disposition.c,41,parse_disposition
opensips_opensips/CVE-2023-27601_8f87c7c0,codecs.c,350,delete_sdp_line,,,,/home/cyf/repo_dataset/OpenSIPS/opensips/blacklists.c,829,mi_bl_get_head
libredwg_libredwg/OSV-2023-1149_774894c1,bits.c,1578,bit_read_fixed,bits.c,62,bit_advance_position,/home/cyf/repo_dataset/LibreDWG/libredwg/src/dwg.c,93,dat_read_file
libredwg_libredwg/OSV-2023-316_52cc8332,,,,out_geojson.c,412,dwg_geojson_feature,/home/cyf/repo_dataset/LibreDWG/libredwg/programs/dwggrep.c,1665,match_BLOCK_HEADER
libredwg_libredwg/CVE-2023-36274_8651fa27,,,,decode.c,6216,decode_preR13_auxheader,/home/cyf/repo_dataset/LibreDWG/libredwg/src/encode.c,3090,encode_objfreespace_2ndheader
libredwg_libredwg/CVE-2019-20911_c6f6668b,decode.c,4595,dwg_decode_add_object,decode.c,4595,dwg_decode_add_object,/home/cyf/repo_dataset/LibreDWG/libredwg/src/encode.c,5407,dwg_encode_add_object
libredwg_libredwg/OSV-2023-455_aa1efabf,bits.c,2994,bit_TV_to_utf8_codepage,bits.c,2993,bit_TV_to_utf8_codepage,/home/cyf/repo_dataset/LibreDWG/libredwg/src/bits.c,2928,bit_TU_to_utf8_len
libredwg_libredwg/OSV-2024-38_6f43e71f,,,,in_dxf.c,363,dxf_read_rl,/home/cyf/repo_dataset/LibreDWG/libredwg/src/bits.c,554,bit_read_BS
libredwg_libredwg/OSV-2023-284_0ce8315e,,,,codepages.c,183,dwg_codepage_dxfstr,/home/cyf/repo_dataset/LibreDWG/libredwg/src/dwg_api.c,18777,dwg_ent_3dsolid_get_isoline_present
libredwg_libredwg/OSV-2021-771_8bd75b4e,bits.c,1544,bit_read_TV,bits.c,1544,bit_read_TV,/home/cyf/repo_dataset/LibreDWG/libredwg/src/bits.c,2392,bit_read_T16
gpac_gpac/CVE-2021-30199_b2db2f99,reframe_latm.c,446,latm_dmx_process,reframe_latm.c,446,latm_dmx_process,/home/cyf/repo_dataset/gpac/gpac/src/filters/write_nhnt.c,238,nhntdump_process
gpac_gpac/CVE-2021-32268_388ecce7,box_code_base.c,575,url_box_read,,,,/home/cyf/repo_dataset/gpac/gpac/src/odf/odf_code.c,2727,gf_odf_read_oci_date
gpac_gpac/CVE-2021-30019_22774aa9,reframe_adts.c,522,adts_dmx_process,,,,/home/cyf/repo_dataset/gpac/gpac/src/filters/reframe_mp3.c,509,mp3_dmx_process
gpac_gpac/CVE-2021-31259_3b84ffcb,,,,drm_sample.c,1623,gf_isom_cenc_get_default_info_internal,/home/cyf/repo_dataset/gpac/gpac/src/isomedia/isom_write.c,4111,gf_isom_get_track_template
gpac_gpac/CVE-2021-32138_289ffce3,filedump.c,2361,DumpTrackInfo,filedump.c,2361,DumpTrackInfo,/home/cyf/repo_dataset/gpac/gpac/applications/mp4box/filedump.c,2740,DumpStsdInfo
gpac_gpac/CVE-2023-46001_e79b0cf7,isom_read.c,2778,gf_isom_get_user_data,isom_read.c,2778,gf_isom_get_user_data,/home/cyf/repo_dataset/gpac/gpac/src/compositor/visual_manager_3d.c,1163,visual_3d_node_cull
gpac_gpac/CVE-2022-2453_dc7de8d3,field_decode.c,393,BD_DecMFFieldVec,field_decode.c,393,BD_DecMFFieldVec,/home/cyf/repo_dataset/gpac/gpac/src/bifs/memory_decoder.c,43,BM_ParseMultipleIndexedReplace
gpac_gpac/CVE-2021-40564_cf6771c8,av_parsers.c,4686,gf_bs_read_ue_log_idx3,,,,/home/cyf/repo_dataset/gpac/gpac/src/odf/ipmpx_code.c,1591,ReadGF_IPMPX_SendWatermark
gpac_gpac/CVE-2021-40565_893fb99b,av_parsers.c,6040,gf_avc_parse_nalu,av_parsers.c,6040,gf_avc_parse_nalu,/home/cyf/repo_dataset/gpac/gpac/src/filters/reframe_nalu.c,2870,naludmx_parse_nal_avc
gpac_gpac/CVE-2021-32132_e74be597,box_code_adobe.c,234,abst_box_new,box_code_adobe.c,260,abst_box_new,/home/cyf/repo_dataset/gpac/gpac/src/media_tools/dash_client.c,2069,gf_dash_get_timeline_entry
gpac_gpac/CVE-2018-7752_90dc7f85,avc_ext.c,2387,gf_isom_oinf_read_entry,avc_ext.c,2387,gf_isom_oinf_read_entry,/home/cyf/repo_dataset/gpac/gpac/src/odf/descriptors.c,824,gf_odf_get_text_config
gpac_gpac/CVE-2021-33366_0a85029d,avc_ext.c,3347,gf_isom_oinf_read_entry,avc_ext.c,3347,gf_isom_oinf_read_entry,/home/cyf/repo_dataset/gpac/gpac/src/odf/descriptors.c,824,gf_odf_get_text_config
gpac_gpac/CVE-2021-31257_87afe070,main.c,3277,HintFile,main.c,3277,HintFile,/home/cyf/repo_dataset/gpac/gpac/applications/mp4box/filedump.c,2058,dump_isom_xml
gpac_gpac/CVE-2021-31258_ebfa346e,isom_read.c,3844,gf_isom_guess_specification,isom_read.c,3844,gf_isom_guess_specification,/home/cyf/repo_dataset/gpac/gpac/src/filters/dec_ttxt.c,1346,ttd_process
gpac_gpac/CVE-2021-30015_13dad7d5,reframe_av1.c,736,av1dmx_parse_flush_sample,,,,/home/cyf/repo_dataset/gpac/gpac/src/filters/dasher.c,5000,dasher_transfer_file
gpac_gpac/CVE-2023-4720_e396648e,swf_parse.c,197,swf_get_16,,,,/home/cyf/repo_dataset/gpac/gpac/src/isomedia/box_code_base.c,5077,rely_box_read
gpac_gpac/CVE-2020-35982_a4eb3270,,,,isom_hinter.c,868,gf_hinter_track_finalize,/home/cyf/repo_dataset/gpac/gpac/src/media_tools/media_export.c,472,gf_media_export_webvtt_metadata
gpac_gpac/CVE-2021-40566_96047e0e,,,,dec_xvid.c,128,xviddec_configure_pid,/home/cyf/repo_dataset/gpac/gpac/src/filters/out_sock.c,256,sockout_send_packet
gpac_gpac/CVE-2023-0770_c3194182,,,,vrml_proto.c,1276,gf_sg_proto_field_is_sftime_offset,/home/cyf/repo_dataset/gpac/gpac/src/bifs/field_encode.c,350,gf_bifs_enc_is_field_ised
gpac_gpac/CVE-2023-0866_b964fe42,reframe_adts.c,226,adts_dmx_check_dur,reframe_adts.c,226,adts_dmx_check_dur,/home/cyf/repo_dataset/gpac/gpac/src/filters/reframe_mpgvid.c,178,mpgviddmx_check_dur
gpac_gpac/CVE-2024-6062_31e499d3,load_text.c,2533,swf_svg_add_iso_sample,,,,/home/cyf/repo_dataset/gpac/gpac/share/nodejs/src/gpac_napi.c,1588,filterpid_get_packet
gpac_gpac/CVE-2021-32137_328def7d,,,,media.c,675,Media_CheckDataEntry,/home/cyf/repo_dataset/gpac/gpac/applications/mp4box/filedump.c,816,PrintBuiltInBoxes
gpac_gpac/CVE-2019-11222_f3698bb1,os_divers.c,1973,gf_bin128_parse,,,,/home/cyf/repo_dataset/gpac/gpac/modules/deprecated/old_arch/platinum/GPACPlatinum.cpp,186,OnConnect
gpac_gpac/CVE-2021-33361_a51f951b,box_code_adobe.c,392,afra_box_read,box_code_adobe.c,392,afra_box_read,/home/cyf/repo_dataset/gpac/gpac/src/odf/oci_codec.c,326,gf_oci_codec_decode
gpac_gpac/CVE-2021-30014_51cdb67f,,,,av_parsers.c,9441,gf_media_vvc_read_sps_bs_internal,/home/cyf/repo_dataset/gpac/gpac/src/media_tools/av_parsers.c,1692,av1_parse_sequence_header_obu
gpac_gpac/CVE-2021-40569_b03c9f25,box_code_meta.c,262,iloc_box_read,,,,/home/cyf/repo_dataset/gpac/gpac/src/media_tools/av_parsers.c,7201,hevc_parse_hrd_parameters
gpac_gpac/CVE-2023-23143_af6a5e7a,,,,av_parsers.c,5780,svc_parse_slice,/home/cyf/repo_dataset/gpac/gpac/src/odf/descriptors.c,295,gf_odf_get_bifs_config
gpac_gpac/CVE-2022-29339_9ea93a2e,avc_ext.c,3488,gf_isom_oinf_read_entry,,,,/home/cyf/repo_dataset/gpac/gpac/src/odf/descriptors.c,824,gf_odf_get_text_config
gpac_gpac/CVE-2020-19488_61700245,,,,box_code_apple.c,104,ilst_item_box_read,/home/cyf/repo_dataset/gpac/gpac/src/isomedia/box_code_base.c,6854,stsd_switch_box
gpac_gpac/CVE-2022-1172_55a183e6,field_decode.c,75,gf_bifs_dec_sf_field,field_decode.c,75,gf_bifs_dec_sf_field,/home/cyf/repo_dataset/gpac/gpac/src/bifs/field_encode.c,64,gf_bifs_enc_sf_field
gpac_gpac/CVE-2022-1441_3dbe11b3,,,,box_code_3gpp.c,1129,diST_box_read,/home/cyf/repo_dataset/gpac/gpac/src/odf/odf_code.c,1876,gf_odf_write_cc_date
gpac_gpac/CVE-2023-46931_671976fc,ff_dmx.c,902,ffdmx_init_common,ff_dmx.c,902,ffdmx_init_common,/home/cyf/repo_dataset/gpac/gpac/src/filters/dmx_m2ts.c,226,m2tsdmx_declare_pid
gpac_gpac/CVE-2021-33363_ec64c7b8,,,,box_code_meta.c,536,infe_box_read,/home/cyf/repo_dataset/gpac/gpac/src/quickjs/quickjs.c,41142,js_string_pad
gpac_gpac/CVE-2023-2840_ba59206b,movie_fragments.c,2732,gf_isom_fragment_add_sample_ex,movie_fragments.c,2732,gf_isom_fragment_add_sample_ex,/home/cyf/repo_dataset/gpac/gpac/src/isomedia/track.c,65,GetESD
gpac_gpac/CVE-2024-0322_092904b8,reframe_ac3.c,337,ac3dmx_process,reframe_ac3.c,337,ac3dmx_process,/home/cyf/repo_dataset/gpac/gpac/src/filters/reframe_rawvid.c,246,rawvidreframe_process
gpac_gpac/CVE-2023-4755_895ac12d,,,,mux_isom.c,3986,mp4_mux_configure_pid,/home/cyf/repo_dataset/gpac/gpac/src/filter_core/filter_session_js.c,201,jsfs_prop_set
gpac_gpac/CVE-2023-46927_a7b467b1,isom_write.c,627,gf_isom_new_track_from_template,isom_write.c,627,gf_isom_new_track_from_template,/home/cyf/repo_dataset/gpac/gpac/applications/mp4box/mp4box.c,3694,HintFile
gpac_gpac/CVE-2023-46929_4248def5,av_parsers.c,6859,gf_avc_change_vui,,,,/home/cyf/repo_dataset/gpac/gpac/src/odf/oci_codec.c,326,gf_oci_codec_decode
gpac_gpac/CVE-2021-29279_da69ad1f,reframe_flac.c,380,flac_dmx_process,,,,/home/cyf/repo_dataset/gpac/gpac/src/filters/out_sock.c,326,sockout_process
gpac_gpac/CVE-2021-31256_2da2f68b,stbl_read.c,399,stbl_GetSampleInfos,stbl_read.c,399,stbl_GetSampleInfos,/home/cyf/repo_dataset/gpac/gpac/src/isomedia/isom_read.c,3289,gf_isom_recreate_tables
gpac_gpac/CVE-2022-3178_77510778,box_code_base.c,12855,xtra_box_read,,,,/home/cyf/repo_dataset/gpac/gpac/src/odf/oci_codec.c,326,gf_oci_codec_decode
gpac_gpac/CVE-2021-4043_64a2e1b7,,,,box_code_base.c,11081,gitn_box_del,/home/cyf/repo_dataset/gpac/gpac/src/media_tools/mpd.c,1146,gf_mpd_prog_info_free
gpac_gpac/CVE-2021-32139_d527325a,,,,box_code_3gpp.c,509,text_box_size,/home/cyf/repo_dataset/gpac/gpac/src/bifs/bifs_codec.c,317,BE_GetStream
gpac_gpac/CVE-2020-35981_dae99005,isom_store.c,141,SetupWriters,,,,/home/cyf/repo_dataset/gpac/gpac/src/odf/descriptors.c,955,gf_odf_hevc_cfg_write_bs
gpac_gpac/CVE-2023-5377_8e9d6b38,,,,box_code_base.c,12750,chnl_box_write,/home/cyf/repo_dataset/gpac/gpac/modules/deprecated/droid_mpegv/droid_mpegv.c,306,MPEGVS_OnData
gpac_gpac/CVE-2021-32134_328c6d68,,,,box_code_base.c,4117,encs_box_new,/home/cyf/repo_dataset/gpac/gpac/src/isomedia/box_code_base.c,1271,elst_box_new
gpac_gpac/CVE-2023-5586_ca1b48f0,reframe_rawpcm.c,225,pcmreframe_process,reframe_rawpcm.c,225,pcmreframe_process,/home/cyf/repo_dataset/gpac/gpac/src/filters/reframe_rawvid.c,246,rawvidreframe_process
gpac_gpac/CVE-2022-3222_4e7736d7,,,,script_dec.c,422,SFS_CompoundExpression,/home/cyf/repo_dataset/gpac/gpac/applications/mp4box/mp4box.c,5753,do_qt_keys
gpac_gpac/CVE-2023-0841_851560e3,reframe_mp3.c,496,mp3_dmx_process,,,,/home/cyf/repo_dataset/gpac/gpac/src/filters/reframe_rawvid.c,246,rawvidreframe_process
gpac_gpac/CVE-2022-1795_c535bad5,memory_decoder.c,165,BM_ParseGlobalQuantizer,,,,/home/cyf/repo_dataset/gpac/gpac/src/bifs/memory_decoder.c,360,BM_ParseExtendedUpdates
gpac_gpac/CVE-2021-32440_f0ba8371,media_odf.c,31,Media_RewriteODFrame,media_odf.c,31,Media_RewriteODFrame,/home/cyf/repo_dataset/gpac/gpac/src/odf/odf_codec.c,547,gf_odf_codec_apply_com
gpac_gpac/CVE-2023-1655_e7f96c2d,reframe_rawpcm.c,221,pcmreframe_process,reframe_rawpcm.c,221,pcmreframe_process,/home/cyf/repo_dataset/gpac/gpac/src/filters/reframe_rawvid.c,59,rawvidreframe_configure_pid
gpac_gpac/CVE-2023-1654_2c055153,filter_pid.c,1261,gf_filter_pid_detach_task,filter_pid.c,1272,gf_filter_pid_detach_task,/home/cyf/repo_dataset/gpac/gpac/src/filter_core/filter_session.c,2759,gf_fs_abort
gpac_gpac/CVE-2021-31262_b2eab95e,,,,avc_ext.c,1372,AV1_RewriteESDescriptorEx,/home/cyf/repo_dataset/gpac/gpac/modules/deprecated/old_arch/hyb_in/fm_fake_push.c,93,get_esd
gpac_gpac/CVE-2021-32439_77ed81c0,stbl_write.c,396,stbl_AddSize,stbl_write.c,406,stbl_AddSize,/home/cyf/repo_dataset/gpac/gpac/src/isomedia/isom_write.c,3422,gf_isom_use_compact_size
gpac_gpac/CVE-2023-0819_d067ab3c,mpegts.c,905,gf_m2ts_process_tdt_tot,,,,/home/cyf/repo_dataset/gpac/gpac/src/media_tools/dvb_mpe.c,164,gf_m2ts_process_mpe
gpac_gpac/CVE-2020-23930_9eeac00b,write_nhml.c,336,nhmldump_send_header,write_nhml.c,336,nhmldump_send_header,/home/cyf/repo_dataset/gpac/gpac/src/filters/write_nhml.c,687,nhmldump_send_frame
gpac_gpac/OSV-2024-135_4d7891cd,meta.c,816,meta_find_prop,meta.c,816,meta_find_prop,/home/cyf/repo_dataset/gpac/gpac/src/compositor/media_object.c,91,gf_mo_register
gpac_gpac/CVE-2018-13006_bceb03fd,box_code_base.c,619,urn_Read,,,,/home/cyf/repo_dataset/gpac/gpac/modules/validator/validator.c,137,validator_create_snapshot
gpac_gpac/CVE-2023-3291_6a748ccc,reframe_mp3.c,229,id3dmx_flush,reframe_mp3.c,229,id3dmx_flush,/home/cyf/repo_dataset/gpac/gpac/src/odf/odf_code.c,2430,gf_odf_read_ipmp
gpac_gpac/CVE-2018-20763_1c449a34,text_import.c,195,gf_text_get_utf8_line,text_import.c,195,gf_text_get_utf8_line,/home/cyf/repo_dataset/gpac/gpac/src/filters/load_text.c,324,gf_text_get_utf8_line
gpac_gpac/CVE-2022-4202_b3d821c4,,,,lsr_dec.c,875,lsr_translate_scale,/home/cyf/repo_dataset/gpac/gpac/applications/gpac/gpac.c,2754,fio_printf
gpac_gpac/CVE-2018-21017_d2371b4b,box_code_base.c,927,dinf_Read,,,,/home/cyf/repo_dataset/gpac/gpac/src/isomedia/box_code_base.c,1065,dinf_box_read
gpac_gpac/CVE-2021-40563_5ce0c906,reframe_nalu.c,1679,naludmx_queue_param_set,,,,/home/cyf/repo_dataset/gpac/gpac/src/media_tools/av_parsers.c,13592,gf_vvc_parse_nalu_bs
gpac_gpac/CVE-2023-0760_ea7395f3,box_code_base.c,8851,dac3_box_write,box_code_base.c,8851,dac3_box_write,/home/cyf/repo_dataset/gpac/gpac/src/odf/odf_codec.c,332,gf_odf_desc_write
gpac_gpac/CVE-2020-23928_8e05648d,box_code_adobe.c,76,abst_box_read,,,,/home/cyf/repo_dataset/gpac/gpac/src/ietf/rtsp_response.c,366,gf_rtsp_get_response
gpac_gpac/CVE-2023-5520_5692dc72,reframe_ac3.c,337,ac3dmx_process,reframe_ac3.c,337,ac3dmx_process,/home/cyf/repo_dataset/gpac/gpac/src/filters/reframe_rawvid.c,246,rawvidreframe_process
gpac_gpac/CVE-2021-32135_b8f8b202,box_code_base.c,6740,trak_box_size,,,,/home/cyf/repo_dataset/gpac/gpac/src/isomedia/box_code_drm.c,244,schi_box_size
gpac_gpac/CVE-2021-31254_8986422c,box_code_drm.c,850,tenc_box_read,,,,/home/cyf/repo_dataset/gpac/gpac/src/odf/descriptors.c,1583,gf_odf_vp_cfg_read_bs
gpac_gpac/CVE-2021-32438_00194f5f,media_export.c,1083,gf_media_export_filters,media_export.c,1083,gf_media_export_filters,/home/cyf/repo_dataset/gpac/gpac/src/filters/out_rtp.c,294,rtpout_init_streamer
gpac_gpac/CVE-2023-0817_be9f8d39,reframe_mhas.c,135,mhas_dmx_check_dur,reframe_mhas.c,135,mhas_dmx_check_dur,/home/cyf/repo_dataset/gpac/gpac/src/odf/descriptors.c,1623,gf_odf_av1_cfg_read_bs_size
gpac_gpac/CVE-2020-11558_6063b1a0,box_code_base.c,4017,audio_sample_entry_Read,,,,/home/cyf/repo_dataset/gpac/gpac/src/isomedia/box_code_base.c,4833,mvhd_box_read
ittiam-systems_libavc/OSV-2023-1207_e49a9150,isvcd_api.c,4719,isvcd_video_decode,isvcd_api.c,4719,isvcd_video_decode,/home/cyf/repo_dataset/ittiam-systems/libavc/decoder/ih264d_parse_slice.c,1060,ih264d_parse_decode_slice
ittiam-systems_libavc/OSV-2023-159_ab835f32,isvce_cabac.c,232,isvce_cabac_flush,,,,/home/cyf/repo_dataset/ittiam-systems/libavc/encoder/ih264e_cabac.c,244,ih264e_cabac_flush
ittiam-systems_libavc/OSV-2023-117_c0ca3b29,isvcd_nal_parse.c,2154,isvcd_nal_parse_non_vcl_nal,isvcd_nal_parse.c,2161,isvcd_nal_parse_non_vcl_nal,/home/cyf/repo_dataset/ittiam-systems/libavc/decoder/svc/isvcd_nal_parse.c,692,isvcd_detect_pic_boundary_annex_b
ittiam-systems_libavc/OSV-2023-48_f89d4010,isvce_encode.c,166,isvce_encode,isvce_encode.c,166,isvce_encode,/home/cyf/repo_dataset/ittiam-systems/libavc/encoder/ih264e_encode.c,572,ih264e_encode
ittiam-systems_libavc/OSV-2023-840_82f4e690,isvcd_api.c,4719,isvcd_video_decode,isvcd_api.c,4719,isvcd_video_decode,/home/cyf/repo_dataset/ittiam-systems/libavc/decoder/ih264d_parse_slice.c,1060,ih264d_parse_decode_slice
ittiam-systems_libavc/OSV-2023-948_56a598ca,isvce_api.c,2067,isvce_init,isvce_api.c,2067,isvce_init,/home/cyf/repo_dataset/ittiam-systems/libavc/encoder/ih264e_api.c,2835,ih264e_init
ittiam-systems_libavc/OSV-2023-1205_28727baf,isvcd_api.c,4381,isvcd_dec_non_vcl,,,,/home/cyf/repo_dataset/ittiam-systems/libavc/decoder/ih264d_parse_headers.c,1244,ih264d_parse_nal_unit
ittiam-systems_libavc/OSV-2023-95_5fabd43f,isvcd_parse_headers.c,126,isvcd_parse_subset_sps,isvcd_parse_headers.c,126,isvcd_parse_subset_sps,/home/cyf/repo_dataset/ittiam-systems/libavc/decoder/svc/isvcd_parse_headers.c,1078,isvcd_parse_sps
ittiam-systems_libavc/OSV-2024-637_b0117e32,isvcd_parse_slice.c,1902,isvcd_parse_decode_slice,isvcd_parse_slice.c,1908,isvcd_parse_decode_slice,/home/cyf/repo_dataset/ittiam-systems/libavc/decoder/ih264d_parse_slice.c,1060,ih264d_parse_decode_slice
ittiam-systems_libavc/OSV-2023-342_84f955dd,isvcd_parse_ebslice.c,234,isvcd_mv_pred_ref_tfr_nby2_ebmb,isvcd_parse_ebslice.c,234,isvcd_mv_pred_ref_tfr_nby2_ebmb,/home/cyf/repo_dataset/ittiam-systems/libavc/decoder/ih264d_parse_bslice.c,885,ih264d_mv_pred_ref_tfr_nby2_bmb
ittiam-systems_libavc/OSV-2023-86_c38af025,isvce_cabac.c,232,isvce_cabac_flush,isvce_cabac.c,232,isvce_cabac_flush,/home/cyf/repo_dataset/ittiam-systems/libavc/encoder/ih264e_cabac.c,244,ih264e_cabac_flush
ittiam-systems_libavc/OSV-2023-68_992407f6,isvcd_api.c,4719,isvcd_video_decode,isvcd_api.c,4719,isvcd_video_decode,/home/cyf/repo_dataset/ittiam-systems/libavc/decoder/ih264d_parse_slice.c,1060,ih264d_parse_decode_slice
kamailio_kamailio/OSV-2021-1196_baed515e,,,,parse_content.c,214,parse_content_length,/home/cyf/repo_dataset/kamailio/kamailio/src/modules/pv/pv_xavp.c,391,pv_xavp_fill_ni
kamailio_kamailio/OSV-2023-813_8674b333,parse_privacy.c,153,parse_privacy,,,,/home/cyf/repo_dataset/kamailio/kamailio/src/core/parser/parse_via.c,2794,parse_via_header
kamailio_kamailio/OSV-2021-1300_63ecb827,,,,msg_parser.c,1336,get_body,/home/cyf/repo_dataset/kamailio/kamailio/src/modules/erlang/erl_api.c,310,_impl_reply
mdadams_jasper/CVE-2016-8693_44a524e3,jas_stream.c,992,mem_resize,jas_stream.c,992,mem_resize,/home/cyf/repo_dataset/mdadams/jasper/src/libjasper/jpc/jpc_bs.c,306,jpc_bitstream_pending
mdadams_jasper/CVE-2016-9391_1e84674d,jpc_bs.c,190,jpc_bitstream_getbits,jpc_bs.c,190,jpc_bitstream_getbits,/home/cyf/repo_dataset/mdadams/jasper/src/libjasper/jpc/jpc_t2enc.c,92,jpc_putcommacode
mdadams_jasper/CVE-2016-9388_411a4068,ras_dec.c,246,ras_getdatastd,,,,/home/cyf/repo_dataset/mdadams/jasper/src/libjasper/ras/ras_enc.c,218,ras_putdatastd
mdadams_jasper/CVE-2016-10248_2e82fa00,jpc_tsfb.c,149,jpc_tsfb_synthesize,,,,/home/cyf/repo_dataset/mdadams/jasper/src/libjasper/jpc/jpc_tsfb.c,131,jpc_tsfb_analyze
mdadams_jasper/CVE-2016-8884_5d66894d,bmp_dec.c,212,bmp_validate,bmp_dec.c,240,bmp_validate,/home/cyf/repo_dataset/mdadams/jasper/src/libjasper/pnm/pnm_dec.c,658,pnm_getint16
mdadams_jasper/CVE-2016-8690_8f62b476,imginfo.c,116,main,,,,/home/cyf/repo_dataset/mdadams/jasper/src/libjasper/pgx/pgx_enc.c,89,pgx_encode
radareorg_radare2/CVE-2022-1899_193f4fe0,,,,bfile.c,110,string_scan_range,/home/cyf/repo_dataset/radareorg/radare2/libr/anal/var.c,939,extract_arg
radareorg_radare2/OSV-2020-722_2ec8d3c9,mach0.c,1003,parse_function_starts,,,,/home/cyf/repo_dataset/radareorg/radare2/libr/bin/format/wasm/wasm.c,882,parse_import_sec
radareorg_radare2/CVE-2022-0712_515e592b,bin_symbols.c,352,symbols,bin_symbols.c,352,symbols,/home/cyf/repo_dataset/radareorg/radare2/libr/bin/p/bin_xtac.c,567,symbols
radareorg_radare2/CVE-2022-28072_027cd9b7,anal_hexagon.c,12,hexagon_v6_op,,,,/home/cyf/repo_dataset/radareorg/radare2/shlr/gdb/src/gdbclient/xml.c,463,gdbr_read_target_xml
radareorg_radare2/CVE-2017-7274_7ab66cca,r_pkcs7.c,276,r_pkcs7_parse_cms,,,,/home/cyf/repo_dataset/radareorg/radare2/libr/util/pkcs7.c,133,r_pkcs7_attribute_parse
radareorg_radare2/CVE-2018-20457_e5c14c16,,,,armass.c,6544,armass_assemble,/home/cyf/repo_dataset/radareorg/radare2/libr/arch/p/pyc/plugin.c,132,parse_op
radareorg_radare2/CVE-2022-0139_37897226,io_bank.c,159,r_io_bank_map_add_top,io_bank.c,159,r_io_bank_map_add_top,/home/cyf/repo_dataset/radareorg/radare2/libr/io/io_bank.c,436,_delete_submaps_from_bank_tree
radareorg_radare2/CVE-2024-29645_72bf3a48,dwarf.c,1491,init_die,,,,/home/cyf/repo_dataset/radareorg/radare2/shlr/zip/zip/zip_hash.c,347,_zip_hash_reserve_capacity
radareorg_radare2/OSV-2020-490_149cb358,pe.c,1216,_free_resources,pe.c,1216,_free_resource,/home/cyf/repo_dataset/radareorg/radare2/libr/flag/flag.c,264,r_flag_item_free
radareorg_radare2/OSV-2023-989_a9d18eb4,mach0.c,4154,MACH0_,mach0.c,4155,MACH0_,/home/cyf/repo_dataset/radareorg/radare2/shlr/winkd/winkd.c,120,winkd_set_cpu
radareorg_radare2/CVE-2019-16718_5411543a,cbin.c,59,__filterQuotedShell,cbin.c,59,__filterQuotedShell,/home/cyf/repo_dataset/radareorg/radare2/libr/util/name.c,161,r_name_filter_quoted_shell
radareorg_radare2/CVE-2022-1297_0a557045,,,,ne.c,353,r_bin_ne_get_entrypoints,/home/cyf/repo_dataset/radareorg/radare2/libr/bin/p/bin_xtac.c,391,r_bin_xtac_read_xtac_linked_list
radareorg_radare2/CVE-2018-20460_df167c7d,armass64.c,721,parseOperands,armass64.c,721,parseOperands,/home/cyf/repo_dataset/radareorg/radare2/libr/arch/p/x86_nz/nzasm.c,363,process_1byte_op
radareorg_radare2/CVE-2018-11381_3fcf41ed,file.c,65,string_scan_range,file.c,65,string_scan_range,/home/cyf/repo_dataset/radareorg/radare2/libr/bin/bfile.c,105,string_scan_range
radareorg_radare2/CVE-2023-1605_508a6307,bin_coff.c,488,patch_relocs,bin_coff.c,488,patch_relocs,/home/cyf/repo_dataset/radareorg/radare2/libr/bin/p/bin_pef.c,826,patch_relocs
radareorg_radare2/OSV-2020-393_9f840c63,elf.c,3093,Elf_,elf.c,3093,Elf_,/home/cyf/repo_dataset/radareorg/radare2/shlr/zip/zip/zip_source_tell_write.c,39,zip_source_tell_write
radareorg_radare2/OSV-2023-399_60dd0cd9,elf.c,3833,Elf_,elf.c,3844,Elf_,/home/cyf/repo_dataset/radareorg/radare2/shlr/zip/zip/zip_source_tell_write.c,39,zip_source_tell_write
radareorg_radare2/OSV-2020-1094_45a2f031,bin_dex.c,713,get_sdb,bin_dex.c,732,get_sdb,/home/cyf/repo_dataset/radareorg/radare2/libr/bp/bp.c,124,r_bp_enable
radareorg_radare2/OSV-2020-560_d7fd30df,,,,cbin.c,1838,construct_symbol_flagname,/home/cyf/repo_dataset/radareorg/radare2/shlr/zip/zip/zip_source_file_stdio_named.c,135,_zip_stdio_op_remove
radareorg_radare2/CVE-2022-28068_637f4bd1,,,,dwarf.c,381,dwarf_read_offset,/home/cyf/repo_dataset/radareorg/radare2/libr/arch/p/tms320/c55x_plus/hashtable.c,480,get_hashfunc_13
radareorg_radare2/CVE-2022-1296_153bcdc2,ne.c,431,r_bin_ne_get_relocs,ne.c,430,r_bin_ne_get_relocs,/home/cyf/repo_dataset/radareorg/radare2/libr/core/canal.c,5038,r_core_anal_cycles
radareorg_radare2/CVE-2022-1061_d4ce40b5,bin_symbols.c,182,parseDragons,bin_symbols.c,182,parseDragons,/home/cyf/repo_dataset/radareorg/radare2/libr/bin/p/bin_symbols.c,179,parse_dragons
radareorg_radare2/OSV-2022-1110_0f2952ea,mach0_classes.c,79,MACH0_,mach0_classes.c,79,MACH0_,/home/cyf/repo_dataset/radareorg/radare2/libr/util/alloc.c,20,r_alloc_hooks
radareorg_radare2/CVE-2022-28069_49b0cebf,anal_vax.c,14,vax_op,anal_vax.c,14,vax_op,/home/cyf/repo_dataset/radareorg/radare2/libr/arch/p/vax/vax.c,35,DECLARE_GENERIC_FPRINTF_FUNC_NOGLOBALS
radareorg_radare2/CVE-2021-32494_a07dedb8,bin_mach0.c,763,rebase_buffer,bin_mach0.c,763,rebase_buffer,/home/cyf/repo_dataset/radareorg/radare2/libr/bin/p/bin_xnu_kernelcache.c,2980,rebase_buffer
radareorg_radare2/OSV-2020-160_78de31fe,elf.c,3157,Elf_,elf.c,3154,Elf_,/home/cyf/repo_dataset/radareorg/radare2/shlr/zip/zip/zip_source_tell_write.c,39,zip_source_tell_write
radareorg_radare2/OSV-2023-1247_bb40f2ac,bin_coff.c,283,sections,,,,/home/cyf/repo_dataset/radareorg/radare2/libr/util/sys.c,937,r_sys_cmdbg
radareorg_radare2/CVE-2018-12322_bbb4af56,anal_6502.c,289,_6502_op,anal_6502.c,289,_6502_op,/home/cyf/repo_dataset/radareorg/radare2/libr/arch/p/gb/plugin.c,725,decode
radareorg_radare2/CVE-2022-28070_4aff1bb0,,,,canal.c,744,__core_anal_fcn,/home/cyf/repo_dataset/radareorg/radare2/libr/core/disasm.c,1542,ds_show_xrefs
radareorg_radare2/CVE-2022-0559_b5cb90b2,io_bank.c,159,r_io_bank_map_add_top,io_bank.c,159,r_io_bank_map_add_top,/home/cyf/repo_dataset/radareorg/radare2/libr/io/io_bank.c,436,_delete_submaps_from_bank_tree
radareorg_radare2/CVE-2022-1714_3ecdbf8e,anal_msp430.c,12,msp430_op,,,,/home/cyf/repo_dataset/radareorg/radare2/libr/arch/p/ebc/plugin.c,43,decode
radareorg_radare2/CVE-2017-15931_c6d0076c,elf.c,819,store_versioninfo_gnu_verneed,elf.c,819,store_versioninfo_gnu_verneed,/home/cyf/repo_dataset/radareorg/radare2/libr/bin/format/elf/elf.c,1283,_process_verneed_state
radareorg_radare2/CVE-2018-11380_60208765,mach0.c,2290,MACH0_,mach0.c,2296,MACH0_,/home/cyf/repo_dataset/radareorg/radare2/shlr/zip/zip/zip_string.c,173,_zip_string_write
radareorg_radare2/CVE-2017-7946_d1e8ac62,mach0.c,2247,MACH0_,mach0.c,2256,MACH0_,/home/cyf/repo_dataset/radareorg/radare2/shlr/zip/zip/zip_string.c,173,_zip_string_write
radareorg_radare2/OSV-2025-42_44a501ba,bin_bflt.c,120,relocs,bin_bflt.c,120,relocs,/home/cyf/repo_dataset/radareorg/radare2/libr/bin/p/bin_mdmp.c,350,relocs
radareorg_radare2/CVE-2018-20458_30f4c7b5,,,,dyldcache.c,31,r_buf_read_string,/home/cyf/repo_dataset/radareorg/radare2/shlr/zip/zip/zip_buffer.c,116,_zip_buffer_get_8
radareorg_radare2/OSV-2020-357_55ec5cc1,,,,bin_dex.c,1438,parse_class,/home/cyf/repo_dataset/radareorg/radare2/libr/bin/bin.c,1033,r_bin_list_archs
radareorg_radare2/CVE-2022-1237_2d782cda,ne.c,559,__init,ne.c,561,__init,/home/cyf/repo_dataset/radareorg/radare2/libr/core/panels.c,2512,__init
radareorg_radare2/CVE-2022-0849_10517e3f,canal.c,5096,r_core_anal_esil,canal.c,5096,r_core_anal_esil,/home/cyf/repo_dataset/radareorg/radare2/libr/core/anal_tp.c,605,r_core_anal_type_match
radareorg_radare2/CVE-2018-11376_1f37c04f,bin_elf.c,330,process_constructors,bin_elf.c,330,process_constructors,/home/cyf/repo_dataset/radareorg/radare2/libr/fs/fs.c,405,r_fs_find_off_aux
radareorg_radare2/CVE-2018-11383_9d348bcc,cmd_anal.c,4038,cmd_anal_esil,cmd_anal.c,4038,cmd_anal_esil,/home/cyf/repo_dataset/radareorg/radare2/libr/core/cmd_anal.inc.c,9135,cmd_anal_esil
radareorg_radare2/CVE-2017-16357_0b973e28,elf.c,824,store_versioninfo_gnu_verneed,elf.c,824,store_versioninfo_gnu_verneed,/home/cyf/repo_dataset/radareorg/radare2/libr/bin/format/elf/elf.c,1283,_process_verneed_state
radareorg_radare2/CVE-2025-1378_c6c772d2,,,,rasm2.c,579,rasm_asm,/home/cyf/repo_dataset/radareorg/radare2/libr/arch/p/tms320/c55x_plus/c55plus.c,21,c55x_plus_disassemble
radareorg_radare2/OSV-2018-148_a6a04332,,,,filter.c,6,hashify,/home/cyf/repo_dataset/radareorg/radare2/shlr/java/class.c,1186,r_bin_java_build_obj_key
radareorg_radare2/OSV-2020-523_0e7b3760,,,,bin_omf.c,21,check_buffer,/home/cyf/repo_dataset/radareorg/radare2/libr/arch/p/dis/dis.c,194,dis_read_link
radareorg_radare2/CVE-2022-4843_842f809d,io_bank.c,756,r_io_bank_read_at,io_bank.c,756,r_io_bank_read_at,/home/cyf/repo_dataset/radareorg/radare2/libr/util/buf_cache.inc.c,133,buf_cache_write
radareorg_radare2/CVE-2022-1207_605785b6,anal_cris.c,240,set_reg_profile,anal_cris.c,252,set_reg_profile,/home/cyf/repo_dataset/radareorg/radare2/libr/arch/p/vax/vax.c,201,get_reg_profile
radareorg_radare2/CVE-2022-1052_0052500c,mach0.c,3841,MACH0_,mach0.c,3843,MACH0_,/home/cyf/repo_dataset/radareorg/radare2/shlr/grub/include/grub/unicode.h,255,grub_unicode_glyph_from_code
radareorg_radare2/CVE-2017-7854_d2632f64,,,,wasm.c,593,r_bin_wasm_get_global_entries,/home/cyf/repo_dataset/radareorg/radare2/libr/flag/tags.c,62,r_flag_tags_get
radareorg_radare2/OSV-2018-194_5783cf42,,,,task.c,240,r_core_task_decref,/home/cyf/repo_dataset/radareorg/radare2/libr/fs/fs.c,296,r_fs_close
radareorg_radare2/OSV-2020-317_7d30ff52,cbin.c,1954,bin_symbols,cbin.c,1954,bin_symbols,/home/cyf/repo_dataset/radareorg/radare2/libr/core/cbin.c,1888,bin_relocs
radareorg_radare2/CVE-2021-32495_5e16e2d1,marshal.c,90,get_none_object,,,,/home/cyf/repo_dataset/radareorg/radare2/libr/util/buf.c,143,r_buf_new_empty
radareorg_radare2/CVE-2022-4398_b53a1583,,,,canal.c,1379,core_anal_graph_label,/home/cyf/repo_dataset/radareorg/radare2/libr/core/visual.c,93,r_core_visual_toggle_decompiler_disasm
radareorg_radare2/CVE-2017-9949_796dd28a,ext2.c,649,grub_ext2_iterate_dir,ext2.c,649,grub_ext2_iterate_dir,/home/cyf/repo_dataset/radareorg/radare2/shlr/grub/fs/nilfs2.c,807,grub_nilfs2_iterate_dir
radareorg_radare2/CVE-2022-1284_64a82e28,canal.c,5154,r_core_anal_esil,canal.c,5154,r_core_anal_esil,/home/cyf/repo_dataset/radareorg/radare2/libr/core/anal_tp.c,605,r_core_anal_type_match
radareorg_radare2/CVE-2017-16358_d31c4d3c,bin.c,233,string_scan_range,bin.c,233,string_scan_range,/home/cyf/repo_dataset/radareorg/radare2/libr/bin/bfile.c,105,string_scan_range
radareorg_radare2/CVE-2018-12320_90b71c01,bb.c,68,r_anal_bb_list_new,bb.c,72,r_anal_bb_list_new,/home/cyf/repo_dataset/radareorg/radare2/shlr/ar/ar.c,270,ar_open_all
radareorg_radare2/OSV-2020-64_97f2d9cf,elf.c,2736,populate_relocs_record,,,,/home/cyf/repo_dataset/radareorg/radare2/libr/arch/p/mips/plugin_cs.c,1416,encode
radareorg_radare2/CVE-2018-11378_bd276ef2,wasm.c,208,wasm_dis,wasm.c,208,wasm_dis,/home/cyf/repo_dataset/radareorg/radare2/libr/arch/p/wasm/plugin.c,356,wasm_decode
radareorg_radare2/CVE-2018-11379_4e1cf0d3,pe.c,2733,get_nb10,,,,/home/cyf/repo_dataset/radareorg/radare2/libr/anal/c/tccgen.c,1700,vpush_tokc
radareorg_radare2/CVE-2022-1809_919e3ac1,vtable.c,73,vtable_is_value_in_text_section,,,,/home/cyf/repo_dataset/radareorg/radare2/shlr/grub/kern/fs.c,247,grub_fs_blocklist_read
radareorg_radare2/CVE-2017-6194_72794dc3,bin_bflt.c,10,load_bytes,,,,/home/cyf/repo_dataset/radareorg/radare2/shlr/zip/zip/zip_fread.c,39,zip_fread
radareorg_radare2/CVE-2022-1649_a5aafb99,mach0.c,3846,MACH0_,mach0.c,3846,MACH0_,/home/cyf/repo_dataset/radareorg/radare2/shlr/grub/include/grub/unicode.h,255,grub_unicode_glyph_from_code
radareorg_radare2/CVE-2022-0519_6c4428f0,class.c,6512,r_bin_java_element_pair_calc_size,,,,/home/cyf/repo_dataset/radareorg/radare2/libr/flag/flag.c,130,filter_item_name
radareorg_radare2/CVE-2022-0523_35482cb7,marshal.c,537,get_tuple_object,,,,/home/cyf/repo_dataset/radareorg/radare2/shlr/zip/zip/zip_memdup.c,41,_zip_memdup
radareorg_radare2/CVE-2022-1240_ca8d8b39,mach0.c,3154,parse_relocation_info,mach0.c,3154,parse_relocation_info,/home/cyf/repo_dataset/radareorg/radare2/libr/bin/addrline.c,83,r_bin_addrline_tostring
radareorg_radare2/CVE-2017-15368_52b15264,,,,wasm.c,416,wasm_dis,/home/cyf/repo_dataset/radareorg/radare2/libr/arch/p/wasm/plugin.c,356,wasm_decode
radareorg_radare2/CVE-2018-20461_a1bc65c3,,,,cmd_anal.c,1329,core_anal_bytes,/home/cyf/repo_dataset/radareorg/radare2/libr/core/cmd_print.inc.c,3611,disasm_strings
radareorg_radare2/CVE-2022-1283_18d1d064,ne.c,109,r_bin_ne_get_symbols,ne.c,109,r_bin_ne_get_symbols,/home/cyf/repo_dataset/radareorg/radare2/shlr/java/class.c,2938,r_bin_java_get_symbols
radareorg_radare2/CVE-2017-10929_c57997e7,disk.c,408,grub_disk_read,disk.c,408,grub_disk_read,/home/cyf/repo_dataset/radareorg/radare2/shlr/grub/fs/affs.c,163,grub_affs_mount
radareorg_radare2/CVE-2022-1437_669a404b,,,,bin_symbols.c,355,symbols,/home/cyf/repo_dataset/radareorg/radare2/libr/fs/p/fs_io.c,94,fs_io_dir
radareorg_radare2/CVE-2023-4322_ba919adb,plugin.c,15,getid,plugin.c,15,getid,/home/cyf/repo_dataset/radareorg/radare2/libr/util/str.c,269,r_str_delta
radareorg_radare2/CVE-2023-47016_40c9f50e,bin_xnu_kernelcache.c,960,process_constructors,bin_xnu_kernelcache.c,960,process_constructors,/home/cyf/repo_dataset/radareorg/radare2/libr/bin/p/bin_elf.inc.c,158,process_constructors
rizinorg_rizin/CVE-2021-43814_aa691777,dwarf.c,1219,init_die,dwarf.c,1219,init_die,/home/cyf/repo_dataset/rizinorg/rizin/librz/arch/isa/tms320/c55x_plus/hashtable.c,1199,get_hashfunc_42
rizinorg_rizin/CVE-2022-36044_05bbd147,,,,luac_bin.c,119,luac_build_info,/home/cyf/repo_dataset/rizinorg/rizin/librz/arch/isa/mips/mips_assembler.c,639,mips_assemble_opcode
rizinorg_rizin/CVE-2022-36039_1524f852,,,,dex.c,906,dex_resolve_library,/home/cyf/repo_dataset/rizinorg/rizin/subprojects/packagefiles/zydis/amalgamated-dist/Zydis.c,37961,ZydisRegisterGetString
rizinorg_rizin/CVE-2023-27590_d6196703,debug_gdb.c,133,rz_debug_gdb_map_get,,,,/home/cyf/repo_dataset/rizinorg/rizin/librz/debug/p/native/android_arm.c,396,rz_debug_native_map_get
tensorflow_tensorflow/CVE-2021-29605_7c8cc4ec,,,,common.c,47,TfLiteIntArrayCreate,/home/cyf/repo_dataset/tensorflow/tensorflow/third_party/xla/xla/backends/gpu/runtime/copy_thunk.h,122,operator ==
tensorflow_tensorflow/CVE-2022-23558_a1e1511d,common.c,53,TfLiteIntArrayCreate,common.c,53,TfLiteIntArrayCreate,/home/cyf/repo_dataset/tensorflow/tensorflow/third_party/xla/xla/backends/gpu/runtime/copy_thunk.h,122,operator ==
mm2_little-cms/OSV-2023-1117_178d7341,,,,cmstypes.c,925,Type_Text_Description_Read,/home/cyf/repo_dataset/mm2/Little-CMS/plugins/fast_float/src/fast_float_matsh.c,139,MatShaperFloat
mm2_little-cms/OSV-2022-647_f3f6b7bc,cmsvirt.c,828,cmsCreateNULLProfileTHR,cmsvirt.c,521,cmsCreateLab4ProfileTHR,/home/cyf/repo_dataset/mm2/Little-CMS/src/cmsio1.c,411,BuildGrayOutputPipeline
mm2_little-cms/OSV-2023-1164_1176e61a,cmsps2.c,1266,WriteOutputLUT,cmsps2.c,1266,WriteOutputLUT,/home/cyf/repo_dataset/mm2/Little-CMS/src/cmsxform.c,1123,cmsCreateExtendedTransform
mm2_little-cms/OSV-2024-267_fe8d3839,,,,cmscgats.c,1640,SetDataFormat,/home/cyf/repo_dataset/mm2/Little-CMS/src/cmsnamed.c,696,cmsMLUtranslationsCodes
mm2_little-cms/CVE-2016-10165_5ca71a7b,cmstypes.c,1424,Type_MLU_Read,,,,/home/cyf/repo_dataset/mm2/Little-CMS/src/cmstypes.c,5433,Type_Dictionary_Read
mm2_little-cms/CVE-2013-4160_91c2db7f,,,,cmsnamed.c,718,cmsAllocProfileSequenceDescription,/home/cyf/repo_dataset/mm2/Little-CMS/src/cmstypes.c,5325,ReadOneWChar
mm2_little-cms/OSV-2022-629_67736fea,cmslut.c,461,CubeSize,cmslut.c,461,CubeSize,/home/cyf/repo_dataset/mm2/Little-CMS/src/cmsplugin.c,324,_cmsWriteUInt64Number
mm2_little-cms/CVE-2013-7455_fefaaa43,cmscnvrt.c,467,DefaultICCintents,,,,/home/cyf/repo_dataset/mm2/Little-CMS/src/cmsopt.c,647,OptimizeByResampling
mm2_little-cms/OSV-2017-154_76d1dccf,,,,cmstypes.c,4456,Type_MPE_Read,/home/cyf/repo_dataset/mm2/Little-CMS/src/cmsvirt.c,288,cmsCreateLinearizationDeviceLinkTHR
mm2_little-cms/OSV-2022-843_ba7004c8,cmsopt.c,1663,OptimizeMatrixShaper,cmsopt.c,1663,OptimizeMatrixShaper,/home/cyf/repo_dataset/mm2/Little-CMS/plugins/fast_float/src/fast_float_15mats.c,265,OptimizeMatrixShaper15
opensc_opensc/CVE-2024-1454_5835f0d4,,,,pkcs15-authentic.c,858,authentic_emu_update_tokeninfo,/home/cyf/repo_dataset/OpenSC/OpenSC/src/pkcs15init/pkcs15-lib.c,2418,sc_pkcs15init_store_data
opensc_opensc/OSV-2021-262_17d8980c,pkcs15-oberthur.c,857,sc_pkcs15emu_oberthur_add_data,pkcs15-oberthur.c,857,sc_pkcs15emu_oberthur_add_data,/home/cyf/repo_dataset/OpenSC/OpenSC/src/libopensc/pkcs15-oberthur.c,665,sc_pkcs15emu_oberthur_add_cert
opensc_opensc/OSV-2022-237_4d7368fd,fuzz_pkcs15init.c,168,do_store_data_object,fuzz_pkcs15init.c,168,do_store_data_object,/home/cyf/repo_dataset/OpenSC/OpenSC/src/tools/pkcs15-init.c,1324,do_store_certificate
opensc_opensc/OSV-2020-693_e50bc29b,card-setcos.c,764,parse_sec_attr_44,,,,/home/cyf/repo_dataset/OpenSC/OpenSC/src/libopensc/card-sc-hsm.c,1000,sc_hsm_set_security_env
opensc_opensc/CVE-2019-19479_c3f23b83,,,,card-setcos.c,764,parse_sec_attr_44,/home/cyf/repo_dataset/OpenSC/OpenSC/src/libopensc/card-sc-hsm.c,1000,sc_hsm_set_security_env
opensc_opensc/OSV-2023-753_2a4921ab,,,,iasecc-sdo.c,207,iasecc_crt_parse,/home/cyf/repo_dataset/OpenSC/OpenSC/src/libopensc/card-iasecc.c,768,_iasecc_sm_read_binary
opensc_opensc/OSV-2023-1163_4013a807,pkcs15-setcos.c,255,setcos_new_file,pkcs15-setcos.c,255,setcos_new_file,/home/cyf/repo_dataset/OpenSC/OpenSC/src/pkcs15init/pkcs15-myeid.c,373,myeid_new_file
opensc_opensc/CVE-2021-42781_05648b06,,,,pkcs15-oberthur.c,571,sc_pkcs15emu_oberthur_add_pubkey,/home/cyf/repo_dataset/OpenSC/OpenSC/src/pkcs15init/pkcs15-muscle.c,172,muscle_store_key
opensc_opensc/OSV-2022-434_367c3ad2,pkcs15-myeid.c,372,myeid_new_file,,,,/home/cyf/repo_dataset/OpenSC/OpenSC/src/tools/opensc-explorer.c,573,do_find
opensc_opensc/OSV-2020-2276_fe6864c5,gids-tool.c,347,print_info,gids-tool.c,347,print_info,/home/cyf/repo_dataset/OpenSC/OpenSC/src/tools/sc-hsm-tool.c,481,print_info
opensc_opensc/CVE-2019-19481_b75c002c,,,,card-cac1.c,66,cac_cac1_get_certificate,/home/cyf/repo_dataset/OpenSC/OpenSC/src/tools/npa-tool.c,170,npa_translate_apdus
opensc_opensc/OSV-2023-1002_83b9129b,,,,iasecc-sdo.c,452,iasecc_parse_chv,/home/cyf/repo_dataset/OpenSC/OpenSC/src/tools/opensc-explorer.c,1996,do_put_data
opensc_opensc/OSV-2020-1720_8dd136ac,pkcs15-itacns.c,474,itacns_add_data_files,,,,/home/cyf/repo_dataset/OpenSC/OpenSC/src/tools/pkcs15-init.c,3145,verify_pin
opensc_opensc/OSV-2020-680_6ce61522,pkcs15-prkey.c,170,sc_pkcs15_decode_prkdf_entry,pkcs15-prkey.c,170,sc_pkcs15_decode_prkdf_entry,/home/cyf/repo_dataset/OpenSC/OpenSC/src/libopensc/pkcs15-pubkey.c,199,sc_pkcs15_decode_pukdf_entry
opensc_opensc/OSV-2024-17_c3545018,card-iasecc.c,1540,iasecc_delete_file,,,,/home/cyf/repo_dataset/OpenSC/OpenSC/src/pkcs15init/pkcs15-rtecp.c,643,rtecp_delete_object
opensc_opensc/CVE-2020-26570_6903aebf,pkcs15-oberthur.c,232,sc_oberthur_read_file,,,,/home/cyf/repo_dataset/OpenSC/OpenSC/src/pkcs15init/pkcs15-openpgp.c,490,openpgp_store_data
opensc_opensc/OSV-2022-1084_e6593b23,,,,card-authentic.c,155,authentic_parse_size,/home/cyf/repo_dataset/OpenSC/OpenSC/src/tools/opensc-explorer.c,251,parse_string_or_hexdata
opensc_opensc/OSV-2022-345_fdf343bf,card-sc-hsm.c,901,sc_hsm_list_files,card-sc-hsm.c,901,sc_hsm_list_files,/home/cyf/repo_dataset/OpenSC/OpenSC/src/libopensc/card-oberthur.c,583,auth_list_files
opensc_opensc/OSV-2020-2178_78cdab94,pkcs15-tcos.c,94,insert_key,pkcs15-tcos.c,94,insert_key,/home/cyf/repo_dataset/OpenSC/OpenSC/src/pkcs15init/pkcs15-rtecp.c,166,rtecp_create_pin
opensc_opensc/OSV-2020-1990_fca2ba94,pkcs15-oberthur.c,489,sc_oberthur_parse_privateinfo,,,,/home/cyf/repo_dataset/OpenSC/OpenSC/src/libopensc/card-iasecc.c,2799,iasecc_sdo_get_tagged_data
opensc_opensc/OSV-2021-1017_456ac566,card-piv.c,551,piv_generate_key,,,,/home/cyf/repo_dataset/OpenSC/OpenSC/src/pkcs15init/pkcs15-openpgp.c,171,openpgp_store_key
opensc_opensc/OSV-2020-1860_732ed77a,,,,card-idprime.c,525,idprime_read_binary,/home/cyf/repo_dataset/OpenSC/OpenSC/src/libopensc/card-piv.c,6195,piv_card_reader_lock_obtained
opensc_opensc/OSV-2022-282_089cedc7,pkcs15-epass2003.c,307,cosm_new_file,pkcs15-epass2003.c,307,cosm_new_file,/home/cyf/repo_dataset/OpenSC/OpenSC/src/pkcs15init/pkcs15-oberthur-awp.c,89,awp_new_file
opensc_opensc/CVE-2021-42782_1252aca9,,,,card-cardos.c,157,cardos_have_2048bit_package,/home/cyf/repo_dataset/OpenSC/OpenSC/src/pkcs15init/pkcs15-cardos.c,871,cardos_have_verifyrc_package
opensc_opensc/OSV-2020-1351_d965156f,,,,fuzz_pkcs15_decode.c,32,LLVMFuzzerTestOneInput,/home/cyf/repo_dataset/OpenSC/OpenSC/src/libopensc/pkcs15-cert.c,369,sc_pkcs15_read_certificate
opensc_opensc/OSV-2020-1981_0b40d3b9,card-idprime.c,525,idprime_read_binary,,,,/home/cyf/repo_dataset/OpenSC/OpenSC/src/libopensc/card-piv.c,6195,piv_card_reader_lock_obtained
opensc_opensc/CVE-2019-20792_c246f6f6,,,,card-coolkey.c,1936,coolkey_add_object,/home/cyf/repo_dataset/OpenSC/OpenSC/src/libopensc/card-cac.c,1275,cac_parse_aid
opensc_opensc/OSV-2022-1175_c16d4e65,pkcs15-lib.c,665,sc_pkcs15init_rmdir,pkcs15-lib.c,665,sc_pkcs15init_rmdir,/home/cyf/repo_dataset/OpenSC/OpenSC/src/tools/cryptoflex-tool.c,1098,create_pin_file
opensc_opensc/OSV-2020-2157_b5b1afe4,pkcs15-tcos.c,94,insert_key,pkcs15-tcos.c,94,insert_key,/home/cyf/repo_dataset/OpenSC/OpenSC/src/pkcs15init/pkcs15-rtecp.c,285,rtecp_create_key
opensc_opensc/CVE-2023-4535_f1993dc4,card-myeid.c,1886,myeid_enc_dec_sym,card-myeid.c,1886,myeid_enc_dec_sym,/home/cyf/repo_dataset/OpenSC/OpenSC/src/libopensc/card-starcos.c,1533,starcos_set_security_env
opensc_opensc/OSV-2023-576_638a5007,pkcs15-pubkey.c,199,sc_pkcs15_decode_pukdf_entry,,,,/home/cyf/repo_dataset/OpenSC/OpenSC/src/libopensc/pkcs15.c,139,sc_pkcs15_parse_tokeninfo
opensc_opensc/OSV-2022-439_d1a3039c,,,,pkcs15-tool.c,1896,test_update,/home/cyf/repo_dataset/OpenSC/OpenSC/src/libopensc/card-epass2003.c,1829,epass2003_select_fid_
opensc_opensc/CVE-2020-26572_9d294de9,card-tcos.c,599,tcos_decipher,,,,/home/cyf/repo_dataset/OpenSC/OpenSC/src/tools/gids-tool.c,309,gids_get_DO
opensc_opensc/OSV-2023-98_dd138d06,,,,card-sc-hsm.c,827,sc_hsm_write_ef,/home/cyf/repo_dataset/OpenSC/OpenSC/src/libopensc/card-mcrd.c,554,do_select
opensc_opensc/OSV-2023-1228_2fb0d735,pkcs15-algo.c,43,asn1_decode_des_params,,,,/home/cyf/repo_dataset/OpenSC/OpenSC/src/libopensc/pkcs15.c,2442,sc_decode_do53
opensc_opensc/OSV-2022-604_cbe8bbef,card-cardos.c,495,cardos_list_files,card-cardos.c,495,cardos_list_files,/home/cyf/repo_dataset/OpenSC/OpenSC/src/pkcs15init/pkcs15-cardos.c,871,cardos_have_verifyrc_package
opensc_opensc/CVE-2021-42778_f015746d,card-idprime.c,415,idprime_get_token_name,card-idprime.c,415,idprime_get_token_name,/home/cyf/repo_dataset/OpenSC/OpenSC/src/pkcs15init/pkcs15-cflex.c,437,cflex_create_dummy_chvs
opensc_opensc/OSV-2021-538_5d4daf6c,pkcs15-oberthur.c,572,sc_pkcs15emu_oberthur_add_pubkey,,,,/home/cyf/repo_dataset/OpenSC/OpenSC/src/pkcs15init/pkcs15-muscle.c,172,muscle_store_key
opensc_opensc/CVE-2021-42779_1db88374,,,,pkcs15-oberthur.c,232,sc_oberthur_read_file,/home/cyf/repo_dataset/OpenSC/OpenSC/src/pkcs15init/pkcs15-oberthur-awp.c,1729,awp_remove_from_object_list
opensc_opensc/CVE-2021-42780_5df913b7,pkcs15-tcos.c,191,insert_pin,pkcs15-tcos.c,191,insert_pin,/home/cyf/repo_dataset/OpenSC/OpenSC/src/tools/pkcs15-tool.c,1713,unblock_pin
opensc_opensc/OSV-2022-520_fa378dad,,,,card-starcos.c,337,starcos_has_esign_app,/home/cyf/repo_dataset/OpenSC/OpenSC/src/libopensc/card-isoApplet.c,124,isoApplet_get_info
opensc_opensc/OSV-2020-1848_3ff059a7,pkcs15-oberthur.c,446,sc_oberthur_parse_publicinfo,,,,/home/cyf/repo_dataset/OpenSC/OpenSC/src/tools/pkcs15-tool.c,418,read_certificate
opensc_opensc/OSV-2022-437_972d3292,card-cardos.c,495,cardos_list_files,card-cardos.c,495,cardos_list_files,/home/cyf/repo_dataset/OpenSC/OpenSC/src/pkcs15init/pkcs15-cardos.c,871,cardos_have_verifyrc_package
opensc_opensc/OSV-2023-1169_60916404,card-epass2003.c,3028,epass2003_gen_key,,,,/home/cyf/repo_dataset/OpenSC/OpenSC/src/pkcs11/framework-pkcs15.c,405,pkcs15_init_token_info
opensc_opensc/OSV-2022-283_da37a0d5,,,,card-epass2003.c,2274,epass2003_delete_file,/home/cyf/repo_dataset/OpenSC/OpenSC/src/tools/goid-tool.c,252,soc_reset
opensc_opensc/OSV-2023-993_50f0985f,card-entersafe.c,1372,entersafe_gen_key,card-entersafe.c,1372,entersafe_gen_key,/home/cyf/repo_dataset/OpenSC/OpenSC/src/tools/npa-tool.c,170,npa_translate_apdus
opensc_opensc/OSV-2021-474_40c50a3a,,,,pkcs15-oberthur.c,752,sc_pkcs15emu_oberthur_add_prvkey,/home/cyf/repo_dataset/OpenSC/OpenSC/src/pkcs15init/pkcs15-lib.c,1225,sc_pkcs15init_init_prkdf
opensc_opensc/OSV-2023-578_41d61da8,pkcs15-oberthur.c,706,cosm_create_key,pkcs15-oberthur.c,706,cosm_create_key,/home/cyf/repo_dataset/OpenSC/OpenSC/src/pkcs15init/pkcs15-oberthur-awp.c,1525,awp_update_df_create_pubkey
opensc_opensc/OSV-2022-386_3d261b9a,pkcs15-tool.c,1800,change_pin,pkcs15-tool.c,1800,change_pin,/home/cyf/repo_dataset/OpenSC/OpenSC/src/tools/pkcs15-init.c,3145,verify_pin
opensc_opensc/OSV-2023-586_440ca666,pkcs15-setcos.c,324,setcos_create_key,pkcs15-setcos.c,324,setcos_create_key,/home/cyf/repo_dataset/OpenSC/OpenSC/src/pkcs15init/pkcs15-epass2003.c,411,epass2003_pkcs15_store_key
opensc_opensc/OSV-2023-609_245efe60,pkcs15.c,2455,sc_pkcs15_read_file,pkcs15.c,2457,sc_pkcs15_read_file,/home/cyf/repo_dataset/OpenSC/OpenSC/src/pkcs15init/pkcs15-cflex.c,523,cflex_create_pin_file
virustotal_yara/CVE-2017-11328_4a342f01,tests.c,163,module_load,tests.c,163,module_load,/home/cyf/repo_dataset/VirusTotal/yara/libyara/modules/pe/pe.c,4007,module_load
virustotal_yara/OSV-2020-1656_94299eee,macho.c,1291,module_load,macho.c,1323,module_load,/home/cyf/repo_dataset/VirusTotal/yara/libyara/modules/pe/pe.c,4007,module_load
virustotal_yara/OSV-2022-510_86b0e3f7,,,,dotnet.c,1470,parse_enclosing_types,/home/cyf/repo_dataset/VirusTotal/yara/libyara/exefiles.c,266,yr_elf_rva_to_offset_64
virustotal_yara/CVE-2016-10210_3119b232,re_lexer.c,2190,re_yyget_column,re_lexer.c,2190,re_yyget_column,/home/cyf/repo_dataset/VirusTotal/yara/libyara/hex_lexer.c,2400,yy_flex_strncpy
virustotal_yara/OSV-2020-849_b1db981b,dotnet.c,1818,module_unload,dotnet.c,1805,module_unload,/home/cyf/repo_dataset/VirusTotal/yara/libyara/mem.c,40,yr_heap_alloc
