cve,type,version_path
CVE-2023-52588,vul,/home/cxy/cyf/1day/test_input/torvalds/linux/CVE-2023-52588/vul/v5.6
CVE-2021-28711,vul,/home/cxy/cyf/1day/test_input/torvalds/linux/CVE-2021-28711/vul/v2.6.23
CVE-2021-28711,vul,/home/cxy/cyf/1day/test_input/torvalds/linux/CVE-2021-28711/vul/v3.9
CVE-2023-40283,vul,/home/cxy/cyf/1day/test_input/torvalds/linux/CVE-2023-40283/vul/v2.6.39
CVE-2023-40283,vul,/home/cxy/cyf/1day/test_input/torvalds/linux/CVE-2023-40283/vul/v5.7
CVE-2020-26558,vul,/home/cxy/cyf/1day/test_input/torvalds/linux/CVE-2020-26558/vul/v3.19
CVE-2023-2985,vul,/home/cxy/cyf/1day/test_input/torvalds/linux/CVE-2023-2985/vul/v2.6.38
CVE-2022-1184,vul,/home/cxy/cyf/1day/test_input/torvalds/linux/CVE-2022-1184/vul/v2.6.19
CVE-2023-2177,vul,/home/cxy/cyf/1day/test_input/torvalds/linux/CVE-2023-2177/vul/v4.15
CVE-2023-2177,vul,/home/cxy/cyf/1day/test_input/torvalds/linux/CVE-2023-2177/vul/v5.1
CVE-2022-3567,vul,/home/cxy/cyf/1day/test_input/torvalds/linux/CVE-2022-3567/vul/v3.8
CVE-2022-3621,vul,/home/cxy/cyf/1day/test_input/torvalds/linux/CVE-2022-3621/vul/v2.6.30
CVE-2022-3621,vul,/home/cxy/cyf/1day/test_input/torvalds/linux/CVE-2022-3621/vul/v3.2
CVE-2024-26696,vul,/home/cxy/cyf/1day/test_input/torvalds/linux/CVE-2024-26696/vul/v3.9
CVE-2024-26696,vul,/home/cxy/cyf/1day/test_input/torvalds/linux/CVE-2024-26696/vul/v4.11
CVE-2021-29154,vul,/home/cxy/cyf/1day/test_input/torvalds/linux/CVE-2021-29154/vul/v4.12
CVE-2024-26614,vul,/home/cxy/cyf/1day/test_input/torvalds/linux/CVE-2024-26614/vul/v4.4
CVE-2021-47024,vul,/home/cxy/cyf/1day/test_input/torvalds/linux/CVE-2021-47024/vul/v5.6
CVE-2020-26139,vul,/home/cxy/cyf/1day/test_input/torvalds/linux/CVE-2020-26139/vul/v2.6.25
CVE-2020-26139,vul,/home/cxy/cyf/1day/test_input/torvalds/linux/CVE-2020-26139/vul/v3.14
CVE-2023-20588,vul,/home/cxy/cyf/1day/test_input/torvalds/linux/CVE-2023-20588/vul/v2.6.24
CVE-2023-20588,vul,/home/cxy/cyf/1day/test_input/torvalds/linux/CVE-2023-20588/vul/v3.17
CVE-2023-20593,vul,/home/cxy/cyf/1day/test_input/torvalds/linux/CVE-2023-20593/vul/v3.19
CVE-2022-1012,vul,/home/cxy/cyf/1day/test_input/torvalds/linux/CVE-2022-1012/vul/v2.6.16
CVE-2022-1012,vul,/home/cxy/cyf/1day/test_input/torvalds/linux/CVE-2022-1012/vul/v3.9
CVE-2021-46928,vul,/home/cxy/cyf/1day/test_input/torvalds/linux/CVE-2021-46928/vul/v4.2
CVE-2021-3923,vul,/home/cxy/cyf/1day/test_input/torvalds/linux/CVE-2021-3923/vul/v4.12
CVE-2021-3923,vul,/home/cxy/cyf/1day/test_input/torvalds/linux/CVE-2021-3923/vul/v4.14
CVE-2023-52473,vul,/home/cxy/cyf/1day/test_input/torvalds/linux/CVE-2023-52473/vul/v6.4
CVE-2020-28097,vul,/home/cxy/cyf/1day/test_input/torvalds/linux/CVE-2020-28097/vul/v2.6.12
CVE-2020-28097,vul,/home/cxy/cyf/1day/test_input/torvalds/linux/CVE-2020-28097/vul/v2.6.24
CVE-2021-47166,vul,/home/cxy/cyf/1day/test_input/torvalds/linux/CVE-2021-47166/vul/v4.0
CVE-2020-0255,vul,/home/cxy/cyf/1day/test_input/torvalds/linux/CVE-2020-0255/vul/v2.6.12
CVE-2020-0255,vul,/home/cxy/cyf/1day/test_input/torvalds/linux/CVE-2020-0255/vul/v2.6.33
CVE-2022-42895,vul,/home/cxy/cyf/1day/test_input/torvalds/linux/CVE-2022-42895/vul/v2.6.39
CVE-2022-1048,vul,/home/cxy/cyf/1day/test_input/torvalds/linux/CVE-2022-1048/vul/v3.7
CVE-2022-3649,vul,/home/cxy/cyf/1day/test_input/torvalds/linux/CVE-2022-3649/vul/v2.6.30
CVE-2023-34319,vul,/home/cxy/cyf/1day/test_input/torvalds/linux/CVE-2023-34319/vul/v6.3
CVE-2020-14381,vul,/home/cxy/cyf/1day/test_input/torvalds/linux/CVE-2020-14381/vul/v3.8
CVE-2021-39686,vul,/home/cxy/cyf/1day/test_input/torvalds/linux/CVE-2021-39686/vul/v3.19
CVE-2023-6121,vul,/home/cxy/cyf/1day/test_input/torvalds/linux/CVE-2023-6121/vul/v4.8
CVE-2023-6121,vul,/home/cxy/cyf/1day/test_input/torvalds/linux/CVE-2023-6121/vul/v5.2
CVE-2022-1419,vul,/home/cxy/cyf/1day/test_input/torvalds/linux/CVE-2022-1419/vul/v4.1
CVE-2022-1419,vul,/home/cxy/cyf/1day/test_input/torvalds/linux/CVE-2022-1419/vul/v4.13
CVE-2021-47067,vul,/home/cxy/cyf/1day/test_input/torvalds/linux/CVE-2021-47067/vul/v5.5
CVE-2024-0582,vul,/home/cxy/cyf/1day/test_input/torvalds/linux/CVE-2024-0582/vul/v6.4
CVE-2024-0582,vul,/home/cxy/cyf/1day/test_input/torvalds/linux/CVE-2024-0582/vul/v6.5
CVE-2022-48628,vul,/home/cxy/cyf/1day/test_input/torvalds/linux/CVE-2022-48628/vul/v4.10
CVE-2023-4206,vul,/home/cxy/cyf/1day/test_input/torvalds/linux/CVE-2023-4206/vul/v4.18
CVE-2024-25744,vul,/home/cxy/cyf/1day/test_input/torvalds/linux/CVE-2024-25744/vul/v5.17
CVE-2024-25744,vul,/home/cxy/cyf/1day/test_input/torvalds/linux/CVE-2024-25744/vul/v6.0
CVE-2021-4095,vul,/home/cxy/cyf/1day/test_input/torvalds/linux/CVE-2021-4095/vul/v5.12
CVE-2021-4095,vul,/home/cxy/cyf/1day/test_input/torvalds/linux/CVE-2021-4095/vul/v5.15
CVE-2022-33743,vul,/home/cxy/cyf/1day/test_input/torvalds/linux/CVE-2022-33743/vul/v5.16
CVE-2022-33743,vul,/home/cxy/cyf/1day/test_input/torvalds/linux/CVE-2022-33743/vul/v5.9
CVE-2022-23042,vul,/home/cxy/cyf/1day/test_input/torvalds/linux/CVE-2022-23042/vul/v2.6.23
CVE-2022-23042,vul,/home/cxy/cyf/1day/test_input/torvalds/linux/CVE-2022-23042/vul/v3.13
CVE-2024-26583,vul,/home/cxy/cyf/1day/test_input/torvalds/linux/CVE-2024-26583/vul/v5.7
CVE-2022-0168,vul,/home/cxy/cyf/1day/test_input/torvalds/linux/CVE-2022-0168/vul/v4.20
CVE-2020-27066,vul,/home/cxy/cyf/1day/test_input/torvalds/linux/CVE-2020-27066/vul/v3.12
CVE-2020-8649,vul,/home/cxy/cyf/1day/test_input/torvalds/linux/CVE-2020-8649/vul/v2.6.24
CVE-2024-26718,vul,/home/cxy/cyf/1day/test_input/torvalds/linux/CVE-2024-26718/vul/v5.9
CVE-2024-26718,vul,/home/cxy/cyf/1day/test_input/torvalds/linux/CVE-2024-26718/vul/v6.0
CVE-2021-33655,vul,/home/cxy/cyf/1day/test_input/torvalds/linux/CVE-2021-33655/vul/v4.14
CVE-2020-11494,vul,/home/cxy/cyf/1day/test_input/torvalds/linux/CVE-2020-11494/vul/v2.6.38
CVE-2020-11494,vul,/home/cxy/cyf/1day/test_input/torvalds/linux/CVE-2020-11494/vul/v3.11
CVE-2024-26763,vul,/home/cxy/cyf/1day/test_input/torvalds/linux/CVE-2024-26763/vul/v2.6.25
CVE-2024-26763,vul,/home/cxy/cyf/1day/test_input/torvalds/linux/CVE-2024-26763/vul/v3.17
CVE-2021-39634,vul,/home/cxy/cyf/1day/test_input/torvalds/linux/CVE-2021-39634/vul/v2.6.12
CVE-2023-52529,vul,/home/cxy/cyf/1day/test_input/torvalds/linux/CVE-2023-52529/vul/v5.14
CVE-2023-52529,vul,/home/cxy/cyf/1day/test_input/torvalds/linux/CVE-2023-52529/vul/v5.16
CVE-2021-47074,vul,/home/cxy/cyf/1day/test_input/torvalds/linux/CVE-2021-47074/vul/v4.18
CVE-2021-47074,vul,/home/cxy/cyf/1day/test_input/torvalds/linux/CVE-2021-47074/vul/v4.8
CVE-2021-47004,vul,/home/cxy/cyf/1day/test_input/torvalds/linux/CVE-2021-47004/vul/v5.4
CVE-2023-3357,vul,/home/cxy/cyf/1day/test_input/torvalds/linux/CVE-2023-3357/vul/v5.15
CVE-2021-47142,vul,/home/cxy/cyf/1day/test_input/torvalds/linux/CVE-2021-47142/vul/v4.2
CVE-2021-47121,vul,/home/cxy/cyf/1day/test_input/torvalds/linux/CVE-2021-47121/vul/v3.10
CVE-2023-52340,vul,/home/cxy/cyf/1day/test_input/torvalds/linux/CVE-2023-52340/vul/v2.6.12
CVE-2023-52340,vul,/home/cxy/cyf/1day/test_input/torvalds/linux/CVE-2023-52340/vul/v3.2
CVE-2023-21264,vul,/home/cxy/cyf/1day/test_input/torvalds/linux/CVE-2023-21264/vul/v6.1
CVE-2020-9391,vul,/home/cxy/cyf/1day/test_input/torvalds/linux/CVE-2020-9391/vul/v5.5
CVE-2023-52439,vul,/home/cxy/cyf/1day/test_input/torvalds/linux/CVE-2023-52439/vul/v4.18
CVE-2021-39685,vul,/home/cxy/cyf/1day/test_input/torvalds/linux/CVE-2021-39685/vul/v4.2
CVE-2023-52590,vul,/home/cxy/cyf/1day/test_input/torvalds/linux/CVE-2023-52590/vul/v2.6.35
CVE-2024-26733,vul,/home/cxy/cyf/1day/test_input/torvalds/linux/CVE-2024-26733/vul/v4.2
CVE-2021-37159,vul,/home/cxy/cyf/1day/test_input/torvalds/linux/CVE-2021-37159/vul/v3.17
CVE-2022-20422,vul,/home/cxy/cyf/1day/test_input/torvalds/linux/CVE-2022-20422/vul/v3.19
CVE-2020-10773,vul,/home/cxy/cyf/1day/test_input/torvalds/linux/CVE-2020-10773/vul/v2.6.32
CVE-2024-26772,vul,/home/cxy/cyf/1day/test_input/torvalds/linux/CVE-2024-26772/vul/v2.6.25
CVE-2021-3178,vul,/home/cxy/cyf/1day/test_input/torvalds/linux/CVE-2021-3178/vul/v4.1
CVE-2020-26141,vul,/home/cxy/cyf/1day/test_input/torvalds/linux/CVE-2020-26141/vul/v3.19
CVE-2021-45095,vul,/home/cxy/cyf/1day/test_input/torvalds/linux/CVE-2021-45095/vul/v2.6.28
CVE-2021-45095,vul,/home/cxy/cyf/1day/test_input/torvalds/linux/CVE-2021-45095/vul/v4.2
CVE-2021-42327,vul,/home/cxy/cyf/1day/test_input/torvalds/linux/CVE-2021-42327/vul/v5.10
CVE-2021-42327,vul,/home/cxy/cyf/1day/test_input/torvalds/linux/CVE-2021-42327/vul/v5.13
CVE-2020-14416,vul,/home/cxy/cyf/1day/test_input/torvalds/linux/CVE-2020-14416/vul/v3.12
CVE-2022-1734,vul,/home/cxy/cyf/1day/test_input/torvalds/linux/CVE-2022-1734/vul/v4.13
CVE-2022-1734,vul,/home/cxy/cyf/1day/test_input/torvalds/linux/CVE-2022-1734/vul/v4.4
CVE-2020-7053,vul,/home/cxy/cyf/1day/test_input/torvalds/linux/CVE-2020-7053/vul/v4.14
CVE-2023-52620,vul,/home/cxy/cyf/1day/test_input/torvalds/linux/CVE-2023-52620/vul/v3.13
CVE-2020-0009,vul,/home/cxy/cyf/1day/test_input/torvalds/linux/CVE-2020-0009/vul/v4.6
CVE-2020-12888,vul,/home/cxy/cyf/1day/test_input/torvalds/linux/CVE-2020-12888/vul/v4.5
CVE-2020-35519,vul,/home/cxy/cyf/1day/test_input/torvalds/linux/CVE-2020-35519/vul/v2.6.12
CVE-2021-4159,vul,/home/cxy/cyf/1day/test_input/torvalds/linux/CVE-2021-4159/vul/v4.14
CVE-2024-26771,vul,/home/cxy/cyf/1day/test_input/torvalds/linux/CVE-2024-26771/vul/v5.5
CVE-2022-42896,vul,/home/cxy/cyf/1day/test_input/torvalds/linux/CVE-2022-42896/vul/v3.14
CVE-2022-3577,vul,/home/cxy/cyf/1day/test_input/torvalds/linux/CVE-2022-3577/vul/v4.20
CVE-2022-3577,vul,/home/cxy/cyf/1day/test_input/torvalds/linux/CVE-2022-3577/vul/v5.6
CVE-2023-25012,vul,/home/cxy/cyf/1day/test_input/torvalds/linux/CVE-2023-25012/vul/v5.16
CVE-2023-25012,vul,/home/cxy/cyf/1day/test_input/torvalds/linux/CVE-2023-25012/vul/v5.6
CVE-2020-24586,vul,/home/cxy/cyf/1day/test_input/torvalds/linux/CVE-2020-24586/vul/v2.6.24
CVE-2023-1252,vul,/home/cxy/cyf/1day/test_input/torvalds/linux/CVE-2023-1252/vul/v5.6
CVE-2023-1252,vul,/home/cxy/cyf/1day/test_input/torvalds/linux/CVE-2023-1252/vul/v5.8
CVE-2024-26775,vul,/home/cxy/cyf/1day/test_input/torvalds/linux/CVE-2024-26775/vul/v3.19
CVE-2020-36385,vul,/home/cxy/cyf/1day/test_input/torvalds/linux/CVE-2020-36385/vul/v4.17
CVE-2023-52478,vul,/home/cxy/cyf/1day/test_input/torvalds/linux/CVE-2023-52478/vul/v3.19
CVE-2023-52478,vul,/home/cxy/cyf/1day/test_input/torvalds/linux/CVE-2023-52478/vul/v4.6
CVE-2022-20132,vul,/home/cxy/cyf/1day/test_input/torvalds/linux/CVE-2022-20132/vul/v4.17
CVE-2022-1462,vul,/home/cxy/cyf/1day/test_input/torvalds/linux/CVE-2022-1462/vul/v2.6.37
CVE-2023-3141,vul,/home/cxy/cyf/1day/test_input/torvalds/linux/CVE-2023-3141/vul/v2.6.39
CVE-2023-3141,vul,/home/cxy/cyf/1day/test_input/torvalds/linux/CVE-2023-3141/vul/v4.2
CVE-2020-12659,vul,/home/cxy/cyf/1day/test_input/torvalds/linux/CVE-2020-12659/vul/v5.3
CVE-2023-32233,vul,/home/cxy/cyf/1day/test_input/torvalds/linux/CVE-2023-32233/vul/v4.20
CVE-2023-32233,vul,/home/cxy/cyf/1day/test_input/torvalds/linux/CVE-2023-32233/vul/v5.1
CVE-2023-35827,vul,/home/cxy/cyf/1day/test_input/torvalds/linux/CVE-2023-35827/vul/v4.2
CVE-2023-35827,vul,/home/cxy/cyf/1day/test_input/torvalds/linux/CVE-2023-35827/vul/v4.9
CVE-2020-28374,vul,/home/cxy/cyf/1day/test_input/torvalds/linux/CVE-2020-28374/vul/v3.12
CVE-2020-28374,vul,/home/cxy/cyf/1day/test_input/torvalds/linux/CVE-2020-28374/vul/v4.9
CVE-2023-4459,vul,/home/cxy/cyf/1day/test_input/torvalds/linux/CVE-2023-4459/vul/v2.6.32
CVE-2022-1280,vul,/home/cxy/cyf/1day/test_input/torvalds/linux/CVE-2022-1280/vul/v4.9
CVE-2023-1513,vul,/home/cxy/cyf/1day/test_input/torvalds/linux/CVE-2023-1513/vul/v2.6.37
CVE-2021-46972,vul,/home/cxy/cyf/1day/test_input/torvalds/linux/CVE-2021-46972/vul/v5.10
CVE-2021-46972,vul,/home/cxy/cyf/1day/test_input/torvalds/linux/CVE-2021-46972/vul/v5.8
CVE-2022-28388,vul,/home/cxy/cyf/1day/test_input/torvalds/linux/CVE-2022-28388/vul/v3.9
CVE-2022-28388,vul,/home/cxy/cyf/1day/test_input/torvalds/linux/CVE-2022-28388/vul/v5.11
CVE-2024-26615,vul,/home/cxy/cyf/1day/test_input/torvalds/linux/CVE-2024-26615/vul/v4.19
CVE-2024-26615,vul,/home/cxy/cyf/1day/test_input/torvalds/linux/CVE-2024-26615/vul/v5.17
CVE-2023-52491,vul,/home/cxy/cyf/1day/test_input/torvalds/linux/CVE-2023-52491/vul/v5.18
CVE-2021-47091,vul,/home/cxy/cyf/1day/test_input/torvalds/linux/CVE-2021-47091/vul/v5.10
CVE-2021-47091,vul,/home/cxy/cyf/1day/test_input/torvalds/linux/CVE-2021-47091/vul/v5.11
CVE-2023-2483,vul,/home/cxy/cyf/1day/test_input/torvalds/linux/CVE-2023-2483/vul/v4.10
CVE-2023-23006,vul,/home/cxy/cyf/1day/test_input/torvalds/linux/CVE-2023-23006/vul/v5.4
CVE-2023-23006,vul,/home/cxy/cyf/1day/test_input/torvalds/linux/CVE-2023-23006/vul/v5.7
CVE-2022-3202,vul,/home/cxy/cyf/1day/test_input/torvalds/linux/CVE-2022-3202/vul/v4.20
CVE-2022-3629,vul,/home/cxy/cyf/1day/test_input/torvalds/linux/CVE-2022-3629/vul/v5.16
CVE-2021-3640,vul,/home/cxy/cyf/1day/test_input/torvalds/linux/CVE-2021-3640/vul/v2.6.12
CVE-2021-3640,vul,/home/cxy/cyf/1day/test_input/torvalds/linux/CVE-2021-3640/vul/v2.6.35
CVE-2020-27820,vul,/home/cxy/cyf/1day/test_input/torvalds/linux/CVE-2020-27820/vul/v3.17
CVE-2020-27820,vul,/home/cxy/cyf/1day/test_input/torvalds/linux/CVE-2020-27820/vul/v4.20
CVE-2021-47005,vul,/home/cxy/cyf/1day/test_input/torvalds/linux/CVE-2021-47005/vul/v5.1
CVE-2021-47005,vul,/home/cxy/cyf/1day/test_input/torvalds/linux/CVE-2021-47005/vul/v5.7
CVE-2024-1151,vul,/home/cxy/cyf/1day/test_input/torvalds/linux/CVE-2024-1151/vul/v5.6
CVE-2020-15852,vul,/home/cxy/cyf/1day/test_input/torvalds/linux/CVE-2020-15852/vul/v5.6
CVE-2024-26700,vul,/home/cxy/cyf/1day/test_input/torvalds/linux/CVE-2024-26700/vul/v4.15
CVE-2023-52629,vul,/home/cxy/cyf/1day/test_input/torvalds/linux/CVE-2023-52629/vul/v2.6.20
CVE-2023-52629,vul,/home/cxy/cyf/1day/test_input/torvalds/linux/CVE-2023-52629/vul/v3.7
CVE-2023-52520,vul,/home/cxy/cyf/1day/test_input/torvalds/linux/CVE-2023-52520/vul/v5.17
CVE-2022-3643,vul,/home/cxy/cyf/1day/test_input/torvalds/linux/CVE-2022-3643/vul/v5.0
CVE-2024-26588,vul,/home/cxy/cyf/1day/test_input/torvalds/linux/CVE-2024-26588/vul/v6.3
CVE-2021-46997,vul,/home/cxy/cyf/1day/test_input/torvalds/linux/CVE-2021-46997/vul/v5.10
CVE-2021-46997,vul,/home/cxy/cyf/1day/test_input/torvalds/linux/CVE-2021-46997/vul/v5.12
CVE-2023-35828,vul,/home/cxy/cyf/1day/test_input/torvalds/linux/CVE-2023-35828/vul/v4.19
CVE-2023-35828,vul,/home/cxy/cyf/1day/test_input/torvalds/linux/CVE-2023-35828/vul/v6.1
CVE-2022-28390,vul,/home/cxy/cyf/1day/test_input/torvalds/linux/CVE-2022-28390/vul/v2.6.32
CVE-2022-28390,vul,/home/cxy/cyf/1day/test_input/torvalds/linux/CVE-2022-28390/vul/v4.5
CVE-2022-1353,vul,/home/cxy/cyf/1day/test_input/torvalds/linux/CVE-2022-1353/vul/v2.6.12
CVE-2024-26686,vul,/home/cxy/cyf/1day/test_input/torvalds/linux/CVE-2024-26686/vul/v2.6.12
CVE-2020-0067,vul,/home/cxy/cyf/1day/test_input/torvalds/linux/CVE-2020-0067/vul/v3.8
CVE-2021-31916,vul,/home/cxy/cyf/1day/test_input/torvalds/linux/CVE-2021-31916/vul/v4.13
CVE-2022-40982,vul,/home/cxy/cyf/1day/test_input/torvalds/linux/CVE-2022-40982/vul/v5.3
CVE-2024-26601,vul,/home/cxy/cyf/1day/test_input/torvalds/linux/CVE-2024-26601/vul/v5.13
CVE-2023-52632,vul,/home/cxy/cyf/1day/test_input/torvalds/linux/CVE-2023-52632/vul/v5.14
CVE-2023-52632,vul,/home/cxy/cyf/1day/test_input/torvalds/linux/CVE-2023-52632/vul/v5.16
CVE-2022-3566,vul,/home/cxy/cyf/1day/test_input/torvalds/linux/CVE-2022-3566/vul/v3.14
CVE-2023-23002,vul,/home/cxy/cyf/1day/test_input/torvalds/linux/CVE-2023-23002/vul/v5.7
CVE-2020-29569,vul,/home/cxy/cyf/1day/test_input/torvalds/linux/CVE-2020-29569/vul/v4.12
CVE-2022-48627,vul,/home/cxy/cyf/1day/test_input/torvalds/linux/CVE-2022-48627/vul/v3.7
CVE-2023-2162,vul,/home/cxy/cyf/1day/test_input/torvalds/linux/CVE-2023-2162/vul/v4.17
CVE-2021-28964,vul,/home/cxy/cyf/1day/test_input/torvalds/linux/CVE-2021-28964/vul/v3.7
CVE-2021-28964,vul,/home/cxy/cyf/1day/test_input/torvalds/linux/CVE-2021-28964/vul/v4.2
CVE-2021-47113,vul,/home/cxy/cyf/1day/test_input/torvalds/linux/CVE-2021-47113/vul/v4.7
CVE-2020-10135,vul,/home/cxy/cyf/1day/test_input/torvalds/linux/CVE-2020-10135/vul/v2.6.12
CVE-2020-10135,vul,/home/cxy/cyf/1day/test_input/torvalds/linux/CVE-2020-10135/vul/v3.5
CVE-2024-26598,vul,/home/cxy/cyf/1day/test_input/torvalds/linux/CVE-2024-26598/vul/v5.9
CVE-2021-22543,vul,/home/cxy/cyf/1day/test_input/torvalds/linux/CVE-2021-22543/vul/v5.9
CVE-2022-33740,vul,/home/cxy/cyf/1day/test_input/torvalds/linux/CVE-2022-33740/vul/v3.19
CVE-2022-20158,vul,/home/cxy/cyf/1day/test_input/torvalds/linux/CVE-2022-20158/vul/v2.6.14
CVE-2022-0001,vul,/home/cxy/cyf/1day/test_input/torvalds/linux/CVE-2022-0001/vul/v4.15
CVE-2022-0001,vul,/home/cxy/cyf/1day/test_input/torvalds/linux/CVE-2022-0001/vul/v4.20
CVE-2022-26373,vul,/home/cxy/cyf/1day/test_input/torvalds/linux/CVE-2022-26373/vul/v5.2
CVE-2023-52530,vul,/home/cxy/cyf/1day/test_input/torvalds/linux/CVE-2023-52530/vul/v4.14
CVE-2022-1263,vul,/home/cxy/cyf/1day/test_input/torvalds/linux/CVE-2022-1263/vul/v5.11
CVE-2022-1263,vul,/home/cxy/cyf/1day/test_input/torvalds/linux/CVE-2022-1263/vul/v5.6
CVE-2021-47060,vul,/home/cxy/cyf/1day/test_input/torvalds/linux/CVE-2021-47060/vul/v5.9
CVE-2021-46906,vul,/home/cxy/cyf/1day/test_input/torvalds/linux/CVE-2021-46906/vul/v2.6.22
CVE-2023-52573,vul,/home/cxy/cyf/1day/test_input/torvalds/linux/CVE-2023-52573/vul/v5.1
CVE-2023-52573,vul,/home/cxy/cyf/1day/test_input/torvalds/linux/CVE-2023-52573/vul/v5.3
CVE-2022-2991,vul,/home/cxy/cyf/1day/test_input/torvalds/linux/CVE-2022-2991/vul/v4.19
CVE-2023-52501,vul,/home/cxy/cyf/1day/test_input/torvalds/linux/CVE-2023-52501/vul/v2.6.28
CVE-2023-52617,vul,/home/cxy/cyf/1day/test_input/torvalds/linux/CVE-2023-52617/vul/v5.0
CVE-2020-12352,vul,/home/cxy/cyf/1day/test_input/torvalds/linux/CVE-2020-12352/vul/v3.13
CVE-2020-12352,vul,/home/cxy/cyf/1day/test_input/torvalds/linux/CVE-2020-12352/vul/v3.6
CVE-2020-25673,vul,/home/cxy/cyf/1day/test_input/torvalds/linux/CVE-2020-25673/vul/v4.13
CVE-2023-52498,vul,/home/cxy/cyf/1day/test_input/torvalds/linux/CVE-2023-52498/vul/v2.6.24
CVE-2021-28660,vul,/home/cxy/cyf/1day/test_input/torvalds/linux/CVE-2021-28660/vul/v3.12
CVE-2023-6915,vul,/home/cxy/cyf/1day/test_input/torvalds/linux/CVE-2023-6915/vul/v4.19
CVE-2021-47043,vul,/home/cxy/cyf/1day/test_input/torvalds/linux/CVE-2021-47043/vul/v5.8
CVE-2021-47110,vul,/home/cxy/cyf/1day/test_input/torvalds/linux/CVE-2021-47110/vul/v3.10
CVE-2023-52429,vul,/home/cxy/cyf/1day/test_input/torvalds/linux/CVE-2023-52429/vul/v3.9
CVE-2021-3679,vul,/home/cxy/cyf/1day/test_input/torvalds/linux/CVE-2021-3679/vul/v2.6.32
CVE-2022-33981,vul,/home/cxy/cyf/1day/test_input/torvalds/linux/CVE-2022-33981/vul/v5.3
CVE-2021-47036,vul,/home/cxy/cyf/1day/test_input/torvalds/linux/CVE-2021-47036/vul/v5.7
CVE-2023-1611,vul,/home/cxy/cyf/1day/test_input/torvalds/linux/CVE-2023-1611/vul/v3.6
CVE-2023-1611,vul,/home/cxy/cyf/1day/test_input/torvalds/linux/CVE-2023-1611/vul/v4.7
CVE-2021-3564,vul,/home/cxy/cyf/1day/test_input/torvalds/linux/CVE-2021-3564/vul/v3.13
CVE-2021-3564,vul,/home/cxy/cyf/1day/test_input/torvalds/linux/CVE-2021-3564/vul/v4.8
CVE-2023-6546,vul,/home/cxy/cyf/1day/test_input/torvalds/linux/CVE-2023-6546/vul/v2.6.37
CVE-2022-3524,vul,/home/cxy/cyf/1day/test_input/torvalds/linux/CVE-2022-3524/vul/v2.6.17
CVE-2020-0465,vul,/home/cxy/cyf/1day/test_input/torvalds/linux/CVE-2020-0465/vul/v2.6.20
CVE-2023-3338,vul,/home/cxy/cyf/1day/test_input/torvalds/linux/CVE-2023-3338/vul/v2.6.12
CVE-2023-3338,vul,/home/cxy/cyf/1day/test_input/torvalds/linux/CVE-2023-3338/vul/v4.2
CVE-2021-45469,vul,/home/cxy/cyf/1day/test_input/torvalds/linux/CVE-2021-45469/vul/v3.13
CVE-2021-45469,vul,/home/cxy/cyf/1day/test_input/torvalds/linux/CVE-2021-45469/vul/v4.10
CVE-2023-52436,vul,/home/cxy/cyf/1day/test_input/torvalds/linux/CVE-2023-52436/vul/v4.11
CVE-2020-9383,vul,/home/cxy/cyf/1day/test_input/torvalds/linux/CVE-2020-9383/vul/v2.6.34
CVE-2023-1989,vul,/home/cxy/cyf/1day/test_input/torvalds/linux/CVE-2023-1989/vul/v2.6.24
CVE-2023-1989,vul,/home/cxy/cyf/1day/test_input/torvalds/linux/CVE-2023-1989/vul/v3.4
CVE-2023-0459,vul,/home/cxy/cyf/1day/test_input/torvalds/linux/CVE-2023-0459/vul/v4.12
CVE-2023-0459,vul,/home/cxy/cyf/1day/test_input/torvalds/linux/CVE-2023-0459/vul/v5.5
CVE-2024-26644,vul,/home/cxy/cyf/1day/test_input/torvalds/linux/CVE-2024-26644/vul/v2.6.29
CVE-2022-3104,vul,/home/cxy/cyf/1day/test_input/torvalds/linux/CVE-2022-3104/vul/v5.7
CVE-2022-27672,vul,/home/cxy/cyf/1day/test_input/torvalds/linux/CVE-2022-27672/vul/v4.17
CVE-2021-28688,vul,/home/cxy/cyf/1day/test_input/torvalds/linux/CVE-2021-28688/vul/v3.11
CVE-2023-4207,vul,/home/cxy/cyf/1day/test_input/torvalds/linux/CVE-2023-4207/vul/v3.18
CVE-2022-20148,vul,/home/cxy/cyf/1day/test_input/torvalds/linux/CVE-2022-20148/vul/v3.8
CVE-2022-20148,vul,/home/cxy/cyf/1day/test_input/torvalds/linux/CVE-2022-20148/vul/v4.13
CVE-2021-45402,vul,/home/cxy/cyf/1day/test_input/torvalds/linux/CVE-2021-45402/vul/v5.10
CVE-2021-45402,vul,/home/cxy/cyf/1day/test_input/torvalds/linux/CVE-2021-45402/vul/v5.7
CVE-2022-0487,vul,/home/cxy/cyf/1day/test_input/torvalds/linux/CVE-2022-0487/vul/v3.16
CVE-2022-0487,vul,/home/cxy/cyf/1day/test_input/torvalds/linux/CVE-2022-0487/vul/v5.10
CVE-2020-0433,vul,/home/cxy/cyf/1day/test_input/torvalds/linux/CVE-2020-0433/vul/v4.12
CVE-2021-32606,vul,/home/cxy/cyf/1day/test_input/torvalds/linux/CVE-2021-32606/vul/v5.11
CVE-2024-26649,vul,/home/cxy/cyf/1day/test_input/torvalds/linux/CVE-2024-26649/vul/v6.7
CVE-2020-12656,vul,/home/cxy/cyf/1day/test_input/torvalds/linux/CVE-2020-12656/vul/v2.6.12
CVE-2020-12656,vul,/home/cxy/cyf/1day/test_input/torvalds/linux/CVE-2020-12656/vul/v2.6.31
CVE-2021-47013,vul,/home/cxy/cyf/1day/test_input/torvalds/linux/CVE-2021-47013/vul/v5.8
CVE-2023-34255,vul,/home/cxy/cyf/1day/test_input/torvalds/linux/CVE-2023-34255/vul/v5.9
CVE-2022-24958,vul,/home/cxy/cyf/1day/test_input/torvalds/linux/CVE-2022-24958/vul/v3.17
CVE-2022-4379,vul,/home/cxy/cyf/1day/test_input/torvalds/linux/CVE-2022-4379/vul/v5.13
CVE-2024-26667,vul,/home/cxy/cyf/1day/test_input/torvalds/linux/CVE-2024-26667/vul/v6.5
CVE-2024-26707,vul,/home/cxy/cyf/1day/test_input/torvalds/linux/CVE-2024-26707/vul/v5.16
CVE-2024-26707,vul,/home/cxy/cyf/1day/test_input/torvalds/linux/CVE-2024-26707/vul/v5.9
CVE-2022-23037,vul,/home/cxy/cyf/1day/test_input/torvalds/linux/CVE-2022-23037/vul/v2.6.23
CVE-2022-23037,vul,/home/cxy/cyf/1day/test_input/torvalds/linux/CVE-2022-23037/vul/v3.16
CVE-2023-30456,vul,/home/cxy/cyf/1day/test_input/torvalds/linux/CVE-2023-30456/vul/v5.5
CVE-2022-1679,vul,/home/cxy/cyf/1day/test_input/torvalds/linux/CVE-2022-1679/vul/v2.6.35
CVE-2022-1998,vul,/home/cxy/cyf/1day/test_input/torvalds/linux/CVE-2022-1998/vul/v5.13
CVE-2021-3506,vul,/home/cxy/cyf/1day/test_input/torvalds/linux/CVE-2021-3506/vul/v3.17
CVE-2023-6040,vul,/home/cxy/cyf/1day/test_input/torvalds/linux/CVE-2023-6040/vul/v3.13
CVE-2020-15437,vul,/home/cxy/cyf/1day/test_input/torvalds/linux/CVE-2020-15437/vul/v3.9
CVE-2020-15437,vul,/home/cxy/cyf/1day/test_input/torvalds/linux/CVE-2020-15437/vul/v4.8
CVE-2024-26594,vul,/home/cxy/cyf/1day/test_input/torvalds/linux/CVE-2024-26594/vul/v6.4
CVE-2021-47034,vul,/home/cxy/cyf/1day/test_input/torvalds/linux/CVE-2021-47034/vul/v5.8
CVE-2021-3573,vul,/home/cxy/cyf/1day/test_input/torvalds/linux/CVE-2021-3573/vul/v2.6.12
CVE-2021-3573,vul,/home/cxy/cyf/1day/test_input/torvalds/linux/CVE-2021-3573/vul/v3.4
CVE-2022-28389,vul,/home/cxy/cyf/1day/test_input/torvalds/linux/CVE-2022-28389/vul/v4.12
CVE-2022-28389,vul,/home/cxy/cyf/1day/test_input/torvalds/linux/CVE-2022-28389/vul/v5.11
CVE-2021-46994,vul,/home/cxy/cyf/1day/test_input/torvalds/linux/CVE-2021-46994/vul/v5.10
CVE-2022-21499,vul,/home/cxy/cyf/1day/test_input/torvalds/linux/CVE-2022-21499/vul/v2.6.35
CVE-2023-25775,vul,/home/cxy/cyf/1day/test_input/torvalds/linux/CVE-2023-25775/vul/v5.14
CVE-2023-52507,vul,/home/cxy/cyf/1day/test_input/torvalds/linux/CVE-2023-52507/vul/v3.2
CVE-2022-2196,vul,/home/cxy/cyf/1day/test_input/torvalds/linux/CVE-2022-2196/vul/v5.14
CVE-2022-2196,vul,/home/cxy/cyf/1day/test_input/torvalds/linux/CVE-2022-2196/vul/v5.8
CVE-2023-52589,vul,/home/cxy/cyf/1day/test_input/torvalds/linux/CVE-2023-52589/vul/v6.0
CVE-2021-45485,vul,/home/cxy/cyf/1day/test_input/torvalds/linux/CVE-2021-45485/vul/v3.19
CVE-2021-20224,vul,/home/cxy/cyf/1day/test_input/ImageMagick/ImageMagick/CVE-2021-20224/vul/7.0.10-56
CVE-2020-27760,vul,/home/cxy/cyf/1day/test_input/ImageMagick/ImageMagick/CVE-2020-27760/vul/7.0.2-10
CVE-2020-27753,vul,/home/cxy/cyf/1day/test_input/ImageMagick/ImageMagick/CVE-2020-27753/vul/7.0.8-4
CVE-2020-27771,vul,/home/cxy/cyf/1day/test_input/ImageMagick/ImageMagick/CVE-2020-27771/vul/7.0.8-55
CVE-2022-28463,vul,/home/cxy/cyf/1day/test_input/ImageMagick/ImageMagick/CVE-2022-28463/vul/7.0.7-18
CVE-2020-25664,vul,/home/cxy/cyf/1day/test_input/ImageMagick/ImageMagick/CVE-2020-25664/vul/7.0.6-2
CVE-2021-20241,vul,/home/cxy/cyf/1day/test_input/ImageMagick/ImageMagick/CVE-2021-20241/vul/7.0.7-39
CVE-2022-32545,vul,/home/cxy/cyf/1day/test_input/ImageMagick/ImageMagick/CVE-2022-32545/vul/7.0.7-39
CVE-2020-25675,vul,/home/cxy/cyf/1day/test_input/ImageMagick/ImageMagick/CVE-2020-25675/vul/7.0.7-39
CVE-2021-22191,vul,/home/cxy/cyf/1day/test_input/wireshark/wireshark/CVE-2021-22191/vul/v2.0.7
CVE-2020-26418,vul,/home/cxy/cyf/1day/test_input/wireshark/wireshark/CVE-2020-26418/vul/v3.3.1
CVE-2022-0582,vul,/home/cxy/cyf/1day/test_input/wireshark/wireshark/CVE-2022-0582/vul/v1.99.5
CVE-2022-0583,vul,/home/cxy/cyf/1day/test_input/wireshark/wireshark/CVE-2022-0583/vul/v1.10.8
CVE-2024-24478,vul,/home/cxy/cyf/1day/test_input/wireshark/wireshark/CVE-2024-24478/vul/v1.99.5
CVE-2021-39923,vul,/home/cxy/cyf/1day/test_input/wireshark/wireshark/CVE-2021-39923/vul/v1.10.8
CVE-2020-25863,vul,/home/cxy/cyf/1day/test_input/wireshark/wireshark/CVE-2020-25863/vul/v2.2.11
CVE-2020-25863,vul,/home/cxy/cyf/1day/test_input/wireshark/wireshark/CVE-2020-25863/vul/v2.9.0
CVE-2021-39922,vul,/home/cxy/cyf/1day/test_input/wireshark/wireshark/CVE-2021-39922/vul/v1.10.8
CVE-2020-26420,vul,/home/cxy/cyf/1day/test_input/wireshark/wireshark/CVE-2020-26420/vul/v3.2.7
CVE-2020-26420,vul,/home/cxy/cyf/1day/test_input/wireshark/wireshark/CVE-2020-26420/vul/v3.2.9
CVE-2020-15389,vul,/home/cxy/cyf/1day/test_input/uclouvain/openjpeg/CVE-2020-15389/vul/version.2.0
CVE-2020-15389,vul,/home/cxy/cyf/1day/test_input/uclouvain/openjpeg/CVE-2020-15389/vul/version.2.0.1
CVE-2021-29338,vul,/home/cxy/cyf/1day/test_input/uclouvain/openjpeg/CVE-2021-29338/vul/v2.3.0
CVE-2021-29338,vul,/home/cxy/cyf/1day/test_input/uclouvain/openjpeg/CVE-2021-29338/vul/version.2.0
CVE-2020-27841,vul,/home/cxy/cyf/1day/test_input/uclouvain/openjpeg/CVE-2020-27841/vul/v2.1.2
CVE-2020-27843,vul,/home/cxy/cyf/1day/test_input/uclouvain/openjpeg/CVE-2020-27843/vul/version.2.0
CVE-2020-8285,vul,/home/cxy/cyf/1day/test_input/curl/curl/CVE-2020-8285/vul/curl-7_37_1
CVE-2022-42915,vul,/home/cxy/cyf/1day/test_input/curl/curl/CVE-2022-42915/vul/curl-7_81_0
CVE-2022-27775,vul,/home/cxy/cyf/1day/test_input/curl/curl/CVE-2022-27775/vul/curl-7_76_0
CVE-2022-27775,vul,/home/cxy/cyf/1day/test_input/curl/curl/CVE-2022-27775/vul/curl-7_79_0
CVE-2023-38546,vul,/home/cxy/cyf/1day/test_input/curl/curl/CVE-2023-38546/vul/curl-7_9_3
CVE-2024-2466,vul,/home/cxy/cyf/1day/test_input/curl/curl/CVE-2024-2466/vul/curl-8_6_0
CVE-2022-27780,vul,/home/cxy/cyf/1day/test_input/curl/curl/CVE-2022-27780/vul/curl-7_80_0
CVE-2022-27780,vul,/home/cxy/cyf/1day/test_input/curl/curl/CVE-2022-27780/vul/curl-7_82_0
CVE-2021-22926,vul,/home/cxy/cyf/1day/test_input/curl/curl/CVE-2021-22926/vul/curl-7_76_0
CVE-2020-8177,vul,/home/cxy/cyf/1day/test_input/curl/curl/CVE-2020-8177/vul/curl-7_40_0
CVE-2020-8177,vul,/home/cxy/cyf/1day/test_input/curl/curl/CVE-2020-8177/vul/curl-7_56_0
CVE-2023-28320,vul,/home/cxy/cyf/1day/test_input/curl/curl/CVE-2023-28320/vul/curl-7_19_5
CVE-2023-28320,vul,/home/cxy/cyf/1day/test_input/curl/curl/CVE-2023-28320/vul/curl-7_66_0
CVE-2024-7264,vul,/home/cxy/cyf/1day/test_input/curl/curl/CVE-2024-7264/vul/curl-7_84_0
CVE-2023-28319,vul,/home/cxy/cyf/1day/test_input/curl/curl/CVE-2023-28319/vul/curl-7_83_0
CVE-2023-28319,vul,/home/cxy/cyf/1day/test_input/curl/curl/CVE-2023-28319/vul/curl-7_85_0
CVE-2023-28321,vul,/home/cxy/cyf/1day/test_input/curl/curl/CVE-2023-28321/vul/curl-7_84_0
CVE-2022-43552,vul,/home/cxy/cyf/1day/test_input/curl/curl/CVE-2022-43552/vul/curl-7_84_0
CVE-2020-8284,vul,/home/cxy/cyf/1day/test_input/curl/curl/CVE-2020-8284/vul/curl-7_65_3
CVE-2023-27533,vul,/home/cxy/cyf/1day/test_input/curl/curl/CVE-2023-27533/vul/curl-7_9_3
CVE-2023-27536,vul,/home/cxy/cyf/1day/test_input/curl/curl/CVE-2023-27536/vul/curl-7_37_1
CVE-2023-27536,vul,/home/cxy/cyf/1day/test_input/curl/curl/CVE-2023-27536/vul/curl-7_55_0
CVE-2022-22576,vul,/home/cxy/cyf/1day/test_input/curl/curl/CVE-2022-22576/vul/curl-7_40_0
CVE-2023-27535,vul,/home/cxy/cyf/1day/test_input/curl/curl/CVE-2023-27535/vul/curl-7_19_5
CVE-2023-27535,vul,/home/cxy/cyf/1day/test_input/curl/curl/CVE-2023-27535/vul/curl-7_49_1
CVE-2022-27782,vul,/home/cxy/cyf/1day/test_input/curl/curl/CVE-2022-27782/vul/curl-7_47_1
CVE-2020-8231,vul,/home/cxy/cyf/1day/test_input/curl/curl/CVE-2020-8231/vul/curl-7_56_0
CVE-2023-2248,fix,/home/cxy/cyf/1day/test_input/torvalds/linux/CVE-2023-2248/fix/v6.16
CVE-2024-26807,fix,/home/cxy/cyf/1day/test_input/torvalds/linux/CVE-2024-26807/fix/v6.11
CVE-2021-47004,fix,/home/cxy/cyf/1day/test_input/torvalds/linux/CVE-2021-47004/fix/v6.17
CVE-2022-3586,fix,/home/cxy/cyf/1day/test_input/torvalds/linux/CVE-2022-3586/fix/v6.1
CVE-2022-4129,fix,/home/cxy/cyf/1day/test_input/torvalds/linux/CVE-2022-4129/fix/v6.7
CVE-2020-8648,fix,/home/cxy/cyf/1day/test_input/torvalds/linux/CVE-2020-8648/fix/v6.16
CVE-2024-26767,fix,/home/cxy/cyf/1day/test_input/torvalds/linux/CVE-2024-26767/fix/v6.8
CVE-2021-3640,fix,/home/cxy/cyf/1day/test_input/torvalds/linux/CVE-2021-3640/fix/v5.16
CVE-2021-3640,fix,/home/cxy/cyf/1day/test_input/torvalds/linux/CVE-2021-3640/fix/v6.15
CVE-2022-1204,fix,/home/cxy/cyf/1day/test_input/torvalds/linux/CVE-2022-1204/fix/v6.15
CVE-2021-47014,fix,/home/cxy/cyf/1day/test_input/torvalds/linux/CVE-2021-47014/fix/v6.17
CVE-2023-45863,fix,/home/cxy/cyf/1day/test_input/torvalds/linux/CVE-2023-45863/fix/v6.3
CVE-2020-25656,fix,/home/cxy/cyf/1day/test_input/torvalds/linux/CVE-2020-25656/fix/v5.11
CVE-2020-25656,fix,/home/cxy/cyf/1day/test_input/torvalds/linux/CVE-2020-25656/fix/v6.7
CVE-2022-33981,fix,/home/cxy/cyf/1day/test_input/torvalds/linux/CVE-2022-33981/fix/v6.5
CVE-2020-10732,fix,/home/cxy/cyf/1day/test_input/torvalds/linux/CVE-2020-10732/fix/v5.18
CVE-2020-0429,fix,/home/cxy/cyf/1day/test_input/torvalds/linux/CVE-2020-0429/fix/v6.12
CVE-2020-16166,fix,/home/cxy/cyf/1day/test_input/torvalds/linux/CVE-2020-16166/fix/v5.18
CVE-2022-1012,fix,/home/cxy/cyf/1day/test_input/torvalds/linux/CVE-2022-1012/fix/v6.3
CVE-2021-46924,fix,/home/cxy/cyf/1day/test_input/torvalds/linux/CVE-2021-46924/fix/v6.2
CVE-2023-52622,fix,/home/cxy/cyf/1day/test_input/torvalds/linux/CVE-2023-52622/fix/v6.12
CVE-2022-1508,fix,/home/cxy/cyf/1day/test_input/torvalds/linux/CVE-2022-1508/fix/v5.19
CVE-2023-52458,fix,/home/cxy/cyf/1day/test_input/torvalds/linux/CVE-2023-52458/fix/v6.10
CVE-2024-26719,fix,/home/cxy/cyf/1day/test_input/torvalds/linux/CVE-2024-26719/fix/v6.16
CVE-2020-12363,fix,/home/cxy/cyf/1day/test_input/torvalds/linux/CVE-2020-12363/fix/v6.0
CVE-2021-32606,fix,/home/cxy/cyf/1day/test_input/torvalds/linux/CVE-2021-32606/fix/v5.19
CVE-2023-52586,fix,/home/cxy/cyf/1day/test_input/torvalds/linux/CVE-2023-52586/fix/v6.15
CVE-2021-47055,fix,/home/cxy/cyf/1day/test_input/torvalds/linux/CVE-2021-47055/fix/v6.1
CVE-2022-22942,fix,/home/cxy/cyf/1day/test_input/torvalds/linux/CVE-2022-22942/fix/v6.17
CVE-2020-7053,fix,/home/cxy/cyf/1day/test_input/torvalds/linux/CVE-2020-7053/fix/v5.2
CVE-2020-29374,fix,/home/cxy/cyf/1day/test_input/torvalds/linux/CVE-2020-29374/fix/v6.16
CVE-2022-21385,fix,/home/cxy/cyf/1day/test_input/torvalds/linux/CVE-2022-21385/fix/v5.8
CVE-2022-21385,fix,/home/cxy/cyf/1day/test_input/torvalds/linux/CVE-2022-21385/fix/v6.8
CVE-2021-28691,fix,/home/cxy/cyf/1day/test_input/torvalds/linux/CVE-2021-28691/fix/v6.7
CVE-2024-26593,fix,/home/cxy/cyf/1day/test_input/torvalds/linux/CVE-2024-26593/fix/v6.15
CVE-2022-1016,fix,/home/cxy/cyf/1day/test_input/torvalds/linux/CVE-2022-1016/fix/v6.12
CVE-2022-1055,fix,/home/cxy/cyf/1day/test_input/torvalds/linux/CVE-2022-1055/fix/v6.14
CVE-2024-0582,fix,/home/cxy/cyf/1day/test_input/torvalds/linux/CVE-2024-0582/fix/v6.17
CVE-2023-52625,fix,/home/cxy/cyf/1day/test_input/torvalds/linux/CVE-2023-52625/fix/v6.13
CVE-2021-47056,fix,/home/cxy/cyf/1day/test_input/torvalds/linux/CVE-2021-47056/fix/v6.2
CVE-2020-26139,fix,/home/cxy/cyf/1day/test_input/torvalds/linux/CVE-2020-26139/fix/v6.4
CVE-2020-10135,fix,/home/cxy/cyf/1day/test_input/torvalds/linux/CVE-2020-10135/fix/v6.16
CVE-2020-12114,fix,/home/cxy/cyf/1day/test_input/torvalds/linux/CVE-2020-12114/fix/v6.17
CVE-2023-52596,fix,/home/cxy/cyf/1day/test_input/torvalds/linux/CVE-2023-52596/fix/v6.13
CVE-2022-4378,fix,/home/cxy/cyf/1day/test_input/torvalds/linux/CVE-2022-4378/fix/v6.11
CVE-2022-1852,fix,/home/cxy/cyf/1day/test_input/torvalds/linux/CVE-2022-1852/fix/v6.14
CVE-2021-47082,fix,/home/cxy/cyf/1day/test_input/torvalds/linux/CVE-2021-47082/fix/v6.17
CVE-2022-36402,fix,/home/cxy/cyf/1day/test_input/torvalds/linux/CVE-2022-36402/fix/v6.5
CVE-2022-3110,fix,/home/cxy/cyf/1day/test_input/torvalds/linux/CVE-2022-3110/fix/v6.2
CVE-2021-47153,fix,/home/cxy/cyf/1day/test_input/torvalds/linux/CVE-2021-47153/fix/v6.15
CVE-2022-4696,fix,/home/cxy/cyf/1day/test_input/torvalds/linux/CVE-2022-4696/fix/v5.19
CVE-2022-0330,fix,/home/cxy/cyf/1day/test_input/torvalds/linux/CVE-2022-0330/fix/v6.0
CVE-2021-33098,fix,/home/cxy/cyf/1day/test_input/torvalds/linux/CVE-2021-33098/fix/v6.12
CVE-2024-26764,fix,/home/cxy/cyf/1day/test_input/torvalds/linux/CVE-2024-26764/fix/v6.16
CVE-2022-45869,fix,/home/cxy/cyf/1day/test_input/torvalds/linux/CVE-2022-45869/fix/v6.13
CVE-2020-27786,fix,/home/cxy/cyf/1day/test_input/torvalds/linux/CVE-2020-27786/fix/v6.9
CVE-2023-52477,fix,/home/cxy/cyf/1day/test_input/torvalds/linux/CVE-2023-52477/fix/v6.6
CVE-2022-24448,fix,/home/cxy/cyf/1day/test_input/torvalds/linux/CVE-2022-24448/fix/v5.17
CVE-2022-29156,fix,/home/cxy/cyf/1day/test_input/torvalds/linux/CVE-2022-29156/fix/v6.6
CVE-2023-22999,fix,/home/cxy/cyf/1day/test_input/torvalds/linux/CVE-2023-22999/fix/v6.16
CVE-2023-52624,fix,/home/cxy/cyf/1day/test_input/torvalds/linux/CVE-2023-52624/fix/v6.11
CVE-2022-20422,fix,/home/cxy/cyf/1day/test_input/torvalds/linux/CVE-2022-20422/fix/v6.2
CVE-2023-52593,fix,/home/cxy/cyf/1day/test_input/torvalds/linux/CVE-2023-52593/fix/v6.11
CVE-2021-29264,fix,/home/cxy/cyf/1day/test_input/torvalds/linux/CVE-2021-29264/fix/v5.12
CVE-2021-47119,fix,/home/cxy/cyf/1day/test_input/torvalds/linux/CVE-2021-47119/fix/v6.4
CVE-2021-47078,fix,/home/cxy/cyf/1day/test_input/torvalds/linux/CVE-2021-47078/fix/v6.0
CVE-2021-47126,fix,/home/cxy/cyf/1day/test_input/torvalds/linux/CVE-2021-47126/fix/v6.16
CVE-2021-3573,fix,/home/cxy/cyf/1day/test_input/torvalds/linux/CVE-2021-3573/fix/v5.14
CVE-2021-47170,fix,/home/cxy/cyf/1day/test_input/torvalds/linux/CVE-2021-47170/fix/v6.13
CVE-2022-3522,fix,/home/cxy/cyf/1day/test_input/torvalds/linux/CVE-2022-3522/fix/v6.17
CVE-2022-3629,fix,/home/cxy/cyf/1day/test_input/torvalds/linux/CVE-2022-3629/fix/v6.15
CVE-2021-4204,fix,/home/cxy/cyf/1day/test_input/torvalds/linux/CVE-2021-4204/fix/v6.17
CVE-2024-26731,fix,/home/cxy/cyf/1day/test_input/torvalds/linux/CVE-2024-26731/fix/v6.9
CVE-2021-46933,fix,/home/cxy/cyf/1day/test_input/torvalds/linux/CVE-2021-46933/fix/v6.4
CVE-2023-52444,fix,/home/cxy/cyf/1day/test_input/torvalds/linux/CVE-2023-52444/fix/v6.16
CVE-2021-47169,fix,/home/cxy/cyf/1day/test_input/torvalds/linux/CVE-2021-47169/fix/v5.13
CVE-2021-4028,fix,/home/cxy/cyf/1day/test_input/torvalds/linux/CVE-2021-4028/fix/v5.15
CVE-2023-52513,fix,/home/cxy/cyf/1day/test_input/torvalds/linux/CVE-2023-52513/fix/v6.8
CVE-2021-28711,fix,/home/cxy/cyf/1day/test_input/torvalds/linux/CVE-2021-28711/fix/v6.11
CVE-2023-3006,fix,/home/cxy/cyf/1day/test_input/torvalds/linux/CVE-2023-3006/fix/v6.15
CVE-2024-26584,fix,/home/cxy/cyf/1day/test_input/torvalds/linux/CVE-2024-26584/fix/v6.8
CVE-2024-26774,fix,/home/cxy/cyf/1day/test_input/torvalds/linux/CVE-2024-26774/fix/v6.17
CVE-2022-3543,fix,/home/cxy/cyf/1day/test_input/torvalds/linux/CVE-2022-3543/fix/v6.17
CVE-2021-47016,fix,/home/cxy/cyf/1day/test_input/torvalds/linux/CVE-2021-47016/fix/v6.13
CVE-2020-10742,fix,/home/cxy/cyf/1day/test_input/torvalds/linux/CVE-2020-10742/fix/v4.18
CVE-2020-36312,fix,/home/cxy/cyf/1day/test_input/torvalds/linux/CVE-2020-36312/fix/v6.5
CVE-2024-26669,fix,/home/cxy/cyf/1day/test_input/torvalds/linux/CVE-2024-26669/fix/v6.8
CVE-2021-4083,fix,/home/cxy/cyf/1day/test_input/torvalds/linux/CVE-2021-4083/fix/v5.16
CVE-2023-0266,fix,/home/cxy/cyf/1day/test_input/torvalds/linux/CVE-2023-0266/fix/v6.12
CVE-2024-26598,fix,/home/cxy/cyf/1day/test_input/torvalds/linux/CVE-2024-26598/fix/v6.10
CVE-2022-42703,fix,/home/cxy/cyf/1day/test_input/torvalds/linux/CVE-2022-42703/fix/v6.10
CVE-2020-10757,fix,/home/cxy/cyf/1day/test_input/torvalds/linux/CVE-2020-10757/fix/v6.17
CVE-2021-46978,fix,/home/cxy/cyf/1day/test_input/torvalds/linux/CVE-2021-46978/fix/v6.15
CVE-2021-4203,fix,/home/cxy/cyf/1day/test_input/torvalds/linux/CVE-2021-4203/fix/v6.17
CVE-2024-26588,fix,/home/cxy/cyf/1day/test_input/torvalds/linux/CVE-2024-26588/fix/v6.17
CVE-2021-46935,fix,/home/cxy/cyf/1day/test_input/torvalds/linux/CVE-2021-46935/fix/v6.8
CVE-2021-0512,fix,/home/cxy/cyf/1day/test_input/torvalds/linux/CVE-2021-0512/fix/v6.11
CVE-2023-1838,fix,/home/cxy/cyf/1day/test_input/torvalds/linux/CVE-2023-1838/fix/v6.2
CVE-2021-44733,fix,/home/cxy/cyf/1day/test_input/torvalds/linux/CVE-2021-44733/fix/v5.18
CVE-2020-25668,fix,/home/cxy/cyf/1day/test_input/torvalds/linux/CVE-2020-25668/fix/v5.12
CVE-2021-47036,fix,/home/cxy/cyf/1day/test_input/torvalds/linux/CVE-2021-47036/fix/v6.16
CVE-2023-52578,fix,/home/cxy/cyf/1day/test_input/torvalds/linux/CVE-2023-52578/fix/v6.16
CVE-2024-26607,fix,/home/cxy/cyf/1day/test_input/torvalds/linux/CVE-2024-26607/fix/v6.17
CVE-2021-3752,fix,/home/cxy/cyf/1day/test_input/torvalds/linux/CVE-2021-3752/fix/v5.16
CVE-2020-10767,fix,/home/cxy/cyf/1day/test_input/torvalds/linux/CVE-2020-10767/fix/v6.17
CVE-2023-52615,fix,/home/cxy/cyf/1day/test_input/torvalds/linux/CVE-2023-52615/fix/v6.8
CVE-2023-32233,fix,/home/cxy/cyf/1day/test_input/torvalds/linux/CVE-2023-32233/fix/v6.17
CVE-2023-52526,fix,/home/cxy/cyf/1day/test_input/torvalds/linux/CVE-2023-52526/fix/v6.15
CVE-2020-14416,fix,/home/cxy/cyf/1day/test_input/torvalds/linux/CVE-2020-14416/fix/v6.0
CVE-2021-47060,fix,/home/cxy/cyf/1day/test_input/torvalds/linux/CVE-2021-47060/fix/v6.5
CVE-2021-27364,fix,/home/cxy/cyf/1day/test_input/torvalds/linux/CVE-2021-27364/fix/v6.6
CVE-2021-45486,fix,/home/cxy/cyf/1day/test_input/torvalds/linux/CVE-2021-45486/fix/v6.13
CVE-2020-12769,fix,/home/cxy/cyf/1day/test_input/torvalds/linux/CVE-2020-12769/fix/v5.5
CVE-2020-35513,fix,/home/cxy/cyf/1day/test_input/torvalds/linux/CVE-2020-35513/fix/v6.12
CVE-2021-33061,fix,/home/cxy/cyf/1day/test_input/torvalds/linux/CVE-2021-33061/fix/v6.12
CVE-2020-14305,fix,/home/cxy/cyf/1day/test_input/torvalds/linux/CVE-2020-14305/fix/v6.0
CVE-2021-4148,fix,/home/cxy/cyf/1day/test_input/torvalds/linux/CVE-2021-4148/fix/v5.19
CVE-2022-48628,fix,/home/cxy/cyf/1day/test_input/torvalds/linux/CVE-2022-48628/fix/v6.11
CVE-2022-3643,fix,/home/cxy/cyf/1day/test_input/torvalds/linux/CVE-2022-3643/fix/v6.8
CVE-2024-26581,fix,/home/cxy/cyf/1day/test_input/torvalds/linux/CVE-2024-26581/fix/v6.8
CVE-2021-33656,fix,/home/cxy/cyf/1day/test_input/torvalds/linux/CVE-2021-33656/fix/v6.9
CVE-2023-23002,fix,/home/cxy/cyf/1day/test_input/torvalds/linux/CVE-2023-23002/fix/v6.16
CVE-2022-1048,fix,/home/cxy/cyf/1day/test_input/torvalds/linux/CVE-2022-1048/fix/v6.6
CVE-2020-28374,fix,/home/cxy/cyf/1day/test_input/torvalds/linux/CVE-2020-28374/fix/v5.14
CVE-2020-14385,fix,/home/cxy/cyf/1day/test_input/torvalds/linux/CVE-2020-14385/fix/v6.10
CVE-2023-2162,fix,/home/cxy/cyf/1day/test_input/torvalds/linux/CVE-2023-2162/fix/v6.10
CVE-2021-46998,fix,/home/cxy/cyf/1day/test_input/torvalds/linux/CVE-2021-46998/fix/v6.13
CVE-2021-28038,fix,/home/cxy/cyf/1day/test_input/torvalds/linux/CVE-2021-28038/fix/v5.12
CVE-2024-26697,fix,/home/cxy/cyf/1day/test_input/torvalds/linux/CVE-2024-26697/fix/v6.12
CVE-2022-0480,fix,/home/cxy/cyf/1day/test_input/torvalds/linux/CVE-2022-0480/fix/v6.11
CVE-2020-0427,fix,/home/cxy/cyf/1day/test_input/torvalds/linux/CVE-2020-0427/fix/v6.8
CVE-2022-20565,fix,/home/cxy/cyf/1day/test_input/torvalds/linux/CVE-2022-20565/fix/v6.1
CVE-2022-20565,fix,/home/cxy/cyf/1day/test_input/torvalds/linux/CVE-2022-20565/fix/v6.3
CVE-2022-2964,fix,/home/cxy/cyf/1day/test_input/torvalds/linux/CVE-2022-2964/fix/v6.9
CVE-2022-3565,fix,/home/cxy/cyf/1day/test_input/torvalds/linux/CVE-2022-3565/fix/v6.2
CVE-2022-20158,fix,/home/cxy/cyf/1day/test_input/torvalds/linux/CVE-2022-20158/fix/v6.12
CVE-2020-29370,fix,/home/cxy/cyf/1day/test_input/torvalds/linux/CVE-2020-29370/fix/v6.8
CVE-2022-4382,fix,/home/cxy/cyf/1day/test_input/torvalds/linux/CVE-2022-4382/fix/v6.2
CVE-2021-46913,fix,/home/cxy/cyf/1day/test_input/torvalds/linux/CVE-2021-46913/fix/v6.14
CVE-2020-12826,fix,/home/cxy/cyf/1day/test_input/torvalds/linux/CVE-2020-12826/fix/v5.19
CVE-2020-10690,fix,/home/cxy/cyf/1day/test_input/torvalds/linux/CVE-2020-10690/fix/v6.15
CVE-2023-3090,fix,/home/cxy/cyf/1day/test_input/torvalds/linux/CVE-2023-3090/fix/v6.12
CVE-2021-46996,fix,/home/cxy/cyf/1day/test_input/torvalds/linux/CVE-2021-46996/fix/v6.13
CVE-2022-26373,fix,/home/cxy/cyf/1day/test_input/torvalds/linux/CVE-2022-26373/fix/v6.9
CVE-2020-36784,fix,/home/cxy/cyf/1day/test_input/torvalds/linux/CVE-2020-36784/fix/v6.13
CVE-2022-0001,fix,/home/cxy/cyf/1day/test_input/torvalds/linux/CVE-2022-0001/fix/v6.3
CVE-2021-47167,fix,/home/cxy/cyf/1day/test_input/torvalds/linux/CVE-2021-47167/fix/v5.13
CVE-2020-12888,fix,/home/cxy/cyf/1day/test_input/torvalds/linux/CVE-2020-12888/fix/v6.17
CVE-2024-0443,fix,/home/cxy/cyf/1day/test_input/torvalds/linux/CVE-2024-0443/fix/v6.16
CVE-2023-2513,fix,/home/cxy/cyf/1day/test_input/torvalds/linux/CVE-2023-2513/fix/v6.10
CVE-2021-46915,fix,/home/cxy/cyf/1day/test_input/torvalds/linux/CVE-2021-46915/fix/v6.8
CVE-2022-3564,fix,/home/cxy/cyf/1day/test_input/torvalds/linux/CVE-2022-3564/fix/v6.1
CVE-2021-20292,fix,/home/cxy/cyf/1day/test_input/torvalds/linux/CVE-2021-20292/fix/v5.19
CVE-2020-0465,fix,/home/cxy/cyf/1day/test_input/torvalds/linux/CVE-2020-0465/fix/v6.17
CVE-2021-20261,fix,/home/cxy/cyf/1day/test_input/torvalds/linux/CVE-2021-20261/fix/v6.17
CVE-2022-26966,fix,/home/cxy/cyf/1day/test_input/torvalds/linux/CVE-2022-26966/fix/v6.10
CVE-2022-26966,fix,/home/cxy/cyf/1day/test_input/torvalds/linux/CVE-2022-26966/fix/v6.2
CVE-2021-45868,fix,/home/cxy/cyf/1day/test_input/torvalds/linux/CVE-2021-45868/fix/v6.1
CVE-2021-3411,fix,/home/cxy/cyf/1day/test_input/torvalds/linux/CVE-2021-3411/fix/v6.9
CVE-2023-2019,fix,/home/cxy/cyf/1day/test_input/torvalds/linux/CVE-2023-2019/fix/v6.0
CVE-2022-23036,fix,/home/cxy/cyf/1day/test_input/torvalds/linux/CVE-2022-23036/fix/v5.19
CVE-2023-28466,fix,/home/cxy/cyf/1day/test_input/torvalds/linux/CVE-2023-28466/fix/v6.3
CVE-2020-0404,fix,/home/cxy/cyf/1day/test_input/torvalds/linux/CVE-2020-0404/fix/v5.12
CVE-2022-36280,fix,/home/cxy/cyf/1day/test_input/torvalds/linux/CVE-2022-36280/fix/v6.4
CVE-2023-31248,fix,/home/cxy/cyf/1day/test_input/torvalds/linux/CVE-2023-31248/fix/v6.13
CVE-2021-46977,fix,/home/cxy/cyf/1day/test_input/torvalds/linux/CVE-2021-46977/fix/v5.17
CVE-2022-47942,fix,/home/cxy/cyf/1day/test_input/torvalds/linux/CVE-2022-47942/fix/v6.2
CVE-2022-47942,fix,/home/cxy/cyf/1day/test_input/torvalds/linux/CVE-2022-47942/fix/v6.3
CVE-2020-27067,fix,/home/cxy/cyf/1day/test_input/torvalds/linux/CVE-2020-27067/fix/v6.12
CVE-2021-28688,fix,/home/cxy/cyf/1day/test_input/torvalds/linux/CVE-2021-28688/fix/v6.4
CVE-2021-0605,fix,/home/cxy/cyf/1day/test_input/torvalds/linux/CVE-2021-0605/fix/v6.5
CVE-2023-2006,fix,/home/cxy/cyf/1day/test_input/torvalds/linux/CVE-2023-2006/fix/v6.8
CVE-2023-5197,fix,/home/cxy/cyf/1day/test_input/torvalds/linux/CVE-2023-5197/fix/v6.13
CVE-2021-39686,fix,/home/cxy/cyf/1day/test_input/torvalds/linux/CVE-2021-39686/fix/v6.17
CVE-2020-25285,fix,/home/cxy/cyf/1day/test_input/torvalds/linux/CVE-2020-25285/fix/v6.11
CVE-2020-0066,fix,/home/cxy/cyf/1day/test_input/torvalds/linux/CVE-2020-0066/fix/v6.16
CVE-2024-26685,fix,/home/cxy/cyf/1day/test_input/torvalds/linux/CVE-2024-26685/fix/v6.11
CVE-2021-47110,fix,/home/cxy/cyf/1day/test_input/torvalds/linux/CVE-2021-47110/fix/v6.8
CVE-2024-26620,fix,/home/cxy/cyf/1day/test_input/torvalds/linux/CVE-2024-26620/fix/v6.9
CVE-2021-3739,fix,/home/cxy/cyf/1day/test_input/torvalds/linux/CVE-2021-3739/fix/v6.17
CVE-2024-26706,fix,/home/cxy/cyf/1day/test_input/torvalds/linux/CVE-2024-26706/fix/v6.9
CVE-2022-29581,fix,/home/cxy/cyf/1day/test_input/torvalds/linux/CVE-2022-29581/fix/v6.14
CVE-2022-30594,fix,/home/cxy/cyf/1day/test_input/torvalds/linux/CVE-2022-30594/fix/v6.9
CVE-2024-26629,fix,/home/cxy/cyf/1day/test_input/torvalds/linux/CVE-2024-26629/fix/v6.9
CVE-2022-23039,fix,/home/cxy/cyf/1day/test_input/torvalds/linux/CVE-2022-23039/fix/v5.19
CVE-2023-39197,fix,/home/cxy/cyf/1day/test_input/torvalds/linux/CVE-2023-39197/fix/v6.5
CVE-2022-42720,fix,/home/cxy/cyf/1day/test_input/torvalds/linux/CVE-2022-42720/fix/v6.15
CVE-2020-24588,fix,/home/cxy/cyf/1day/test_input/torvalds/linux/CVE-2020-24588/fix/v6.16
CVE-2023-52434,fix,/home/cxy/cyf/1day/test_input/torvalds/linux/CVE-2023-52434/fix/v6.17
CVE-2023-51780,fix,/home/cxy/cyf/1day/test_input/torvalds/linux/CVE-2023-51780/fix/v6.11
CVE-2024-1151,fix,/home/cxy/cyf/1day/test_input/torvalds/linux/CVE-2024-1151/fix/v6.14
CVE-2020-12655,fix,/home/cxy/cyf/1day/test_input/torvalds/linux/CVE-2020-12655/fix/v6.9
CVE-2020-1749,fix,/home/cxy/cyf/1day/test_input/torvalds/linux/CVE-2020-1749/fix/v6.17
CVE-2021-38199,fix,/home/cxy/cyf/1day/test_input/torvalds/linux/CVE-2021-38199/fix/v6.15
CVE-2023-52454,fix,/home/cxy/cyf/1day/test_input/torvalds/linux/CVE-2023-52454/fix/v6.9
CVE-2023-4273,fix,/home/cxy/cyf/1day/test_input/torvalds/linux/CVE-2023-4273/fix/v6.5
CVE-2020-10773,fix,/home/cxy/cyf/1day/test_input/torvalds/linux/CVE-2020-10773/fix/v6.11
CVE-2022-27950,fix,/home/cxy/cyf/1day/test_input/torvalds/linux/CVE-2022-27950/fix/v5.17
CVE-2021-46961,fix,/home/cxy/cyf/1day/test_input/torvalds/linux/CVE-2021-46961/fix/v6.12
CVE-2021-3679,fix,/home/cxy/cyf/1day/test_input/torvalds/linux/CVE-2021-3679/fix/v6.10
CVE-2020-36691,fix,/home/cxy/cyf/1day/test_input/torvalds/linux/CVE-2020-36691/fix/v6.7
CVE-2023-4732,fix,/home/cxy/cyf/1day/test_input/torvalds/linux/CVE-2023-4732/fix/v6.17
CVE-2023-39194,fix,/home/cxy/cyf/1day/test_input/torvalds/linux/CVE-2023-39194/fix/v6.5
CVE-2024-23307,fix,/home/cxy/cyf/1day/test_input/torvalds/linux/CVE-2024-23307/fix/v6.9
CVE-2023-3567,fix,/home/cxy/cyf/1day/test_input/torvalds/linux/CVE-2023-3567/fix/v6.3
CVE-2020-27170,fix,/home/cxy/cyf/1day/test_input/torvalds/linux/CVE-2020-27170/fix/v6.17
CVE-2022-42722,fix,/home/cxy/cyf/1day/test_input/torvalds/linux/CVE-2022-42722/fix/v6.15
CVE-2024-26603,fix,/home/cxy/cyf/1day/test_input/torvalds/linux/CVE-2024-26603/fix/v6.8
CVE-2020-36787,fix,/home/cxy/cyf/1day/test_input/torvalds/linux/CVE-2020-36787/fix/v5.16
CVE-2023-52569,fix,/home/cxy/cyf/1day/test_input/torvalds/linux/CVE-2023-52569/fix/v6.6
CVE-2020-36386,fix,/home/cxy/cyf/1day/test_input/torvalds/linux/CVE-2020-36386/fix/v6.1
CVE-2023-52498,fix,/home/cxy/cyf/1day/test_input/torvalds/linux/CVE-2023-52498/fix/v6.17
CVE-2023-4921,fix,/home/cxy/cyf/1day/test_input/torvalds/linux/CVE-2023-4921/fix/v6.16
CVE-2020-26141,fix,/home/cxy/cyf/1day/test_input/torvalds/linux/CVE-2020-26141/fix/v6.2
CVE-2021-28951,fix,/home/cxy/cyf/1day/test_input/torvalds/linux/CVE-2021-28951/fix/v5.12
CVE-2021-47050,fix,/home/cxy/cyf/1day/test_input/torvalds/linux/CVE-2021-47050/fix/v6.16
CVE-2020-25669,fix,/home/cxy/cyf/1day/test_input/torvalds/linux/CVE-2020-25669/fix/v6.13
CVE-2021-46982,fix,/home/cxy/cyf/1day/test_input/torvalds/linux/CVE-2021-46982/fix/v6.16
CVE-2023-5341,fix,/home/cxy/cyf/1day/test_input/ImageMagick/ImageMagick/CVE-2023-5341/fix/7.1.2-6
CVE-2020-25675,fix,/home/cxy/cyf/1day/test_input/ImageMagick/ImageMagick/CVE-2020-25675/fix/7.1.1-16
CVE-2020-27560,fix,/home/cxy/cyf/1day/test_input/ImageMagick/ImageMagick/CVE-2020-27560/fix/7.1.2-0
CVE-2022-32547,fix,/home/cxy/cyf/1day/test_input/ImageMagick/ImageMagick/CVE-2022-32547/fix/7.1.1-28
CVE-2022-2719,fix,/home/cxy/cyf/1day/test_input/ImageMagick/ImageMagick/CVE-2022-2719/fix/7.1.2-0
CVE-2020-27769,fix,/home/cxy/cyf/1day/test_input/ImageMagick/ImageMagick/CVE-2020-27769/fix/7.1.2-0
CVE-2023-1289,fix,/home/cxy/cyf/1day/test_input/ImageMagick/ImageMagick/CVE-2023-1289/fix/7.1.1-16
CVE-2021-20313,fix,/home/cxy/cyf/1day/test_input/ImageMagick/ImageMagick/CVE-2021-20313/fix/7.1.2-1
CVE-2020-25664,fix,/home/cxy/cyf/1day/test_input/ImageMagick/ImageMagick/CVE-2020-25664/fix/7.1.2-0
CVE-2020-10251,fix,/home/cxy/cyf/1day/test_input/ImageMagick/ImageMagick/CVE-2020-10251/fix/7.0.10-35
CVE-2020-27765,fix,/home/cxy/cyf/1day/test_input/ImageMagick/ImageMagick/CVE-2020-27765/fix/7.1.2-0
CVE-2021-20245,fix,/home/cxy/cyf/1day/test_input/ImageMagick/ImageMagick/CVE-2021-20245/fix/7.1.2-0
CVE-2020-19667,fix,/home/cxy/cyf/1day/test_input/ImageMagick/ImageMagick/CVE-2020-19667/fix/7.1.0-32
CVE-2020-25676,fix,/home/cxy/cyf/1day/test_input/ImageMagick/ImageMagick/CVE-2020-25676/fix/7.1.0-53
CVE-2021-20241,fix,/home/cxy/cyf/1day/test_input/ImageMagick/ImageMagick/CVE-2021-20241/fix/7.1.2-0
CVE-2020-28030,fix,/home/cxy/cyf/1day/test_input/wireshark/wireshark/CVE-2020-28030/fix/v4.6.0
CVE-2020-26575,fix,/home/cxy/cyf/1day/test_input/wireshark/wireshark/CVE-2020-26575/fix/v4.3.0
CVE-2024-24478,fix,/home/cxy/cyf/1day/test_input/wireshark/wireshark/CVE-2024-24478/fix/v4.6.0
CVE-2021-22207,fix,/home/cxy/cyf/1day/test_input/wireshark/wireshark/CVE-2021-22207/fix/v4.6.0
CVE-2020-11647,fix,/home/cxy/cyf/1day/test_input/wireshark/wireshark/CVE-2020-11647/fix/v2.6.16
CVE-2022-0581,fix,/home/cxy/cyf/1day/test_input/wireshark/wireshark/CVE-2022-0581/fix/v2.2.13
CVE-2021-4181,fix,/home/cxy/cyf/1day/test_input/wireshark/wireshark/CVE-2021-4181/fix/v4.6.0
CVE-2020-17498,fix,/home/cxy/cyf/1day/test_input/wireshark/wireshark/CVE-2020-17498/fix/v3.2.9
CVE-2021-4182,fix,/home/cxy/cyf/1day/test_input/wireshark/wireshark/CVE-2021-4182/fix/v4.6.0
CVE-2020-9431,fix,/home/cxy/cyf/1day/test_input/wireshark/wireshark/CVE-2020-9431/fix/v2.6.15
CVE-2020-26418,fix,/home/cxy/cyf/1day/test_input/wireshark/wireshark/CVE-2020-26418/fix/v4.1.0
CVE-2020-26421,fix,/home/cxy/cyf/1day/test_input/wireshark/wireshark/CVE-2020-26421/fix/v4.3.0
CVE-2020-9429,fix,/home/cxy/cyf/1day/test_input/wireshark/wireshark/CVE-2020-9429/fix/v4.3.1
CVE-2020-7045,fix,/home/cxy/cyf/1day/test_input/wireshark/wireshark/CVE-2020-7045/fix/v3.2.0
CVE-2020-27823,fix,/home/cxy/cyf/1day/test_input/uclouvain/openjpeg/CVE-2020-27823/fix/v2.5.0
CVE-2020-27845,fix,/home/cxy/cyf/1day/test_input/uclouvain/openjpeg/CVE-2020-27845/fix/v2.5.1
CVE-2022-32208,fix,/home/cxy/cyf/1day/test_input/curl/curl/CVE-2022-32208/fix/curl-8_9_0
CVE-2021-22926,fix,/home/cxy/cyf/1day/test_input/curl/curl/CVE-2021-22926/fix/curl-8_14_0
CVE-2024-2004,fix,/home/cxy/cyf/1day/test_input/curl/curl/CVE-2024-2004/fix/curl-8_11_0
CVE-2023-46218,fix,/home/cxy/cyf/1day/test_input/curl/curl/CVE-2023-46218/fix/curl-8_17_0
CVE-2020-8177,fix,/home/cxy/cyf/1day/test_input/curl/curl/CVE-2020-8177/fix/curl-8_17_0
CVE-2022-42916,fix,/home/cxy/cyf/1day/test_input/curl/curl/CVE-2022-42916/fix/curl-8_17_0
CVE-2023-23914,fix,/home/cxy/cyf/1day/test_input/curl/curl/CVE-2023-23914/fix/curl-8_17_0
CVE-2023-27535,fix,/home/cxy/cyf/1day/test_input/curl/curl/CVE-2023-27535/fix/curl-8_17_0
CVE-2024-9681,fix,/home/cxy/cyf/1day/test_input/curl/curl/CVE-2024-9681/fix/curl-8_16_0
CVE-2022-27774,fix,/home/cxy/cyf/1day/test_input/curl/curl/CVE-2022-27774/fix/curl-8_7_0
CVE-2023-27534,fix,/home/cxy/cyf/1day/test_input/curl/curl/CVE-2023-27534/fix/curl-8_1_0
CVE-2023-27533,fix,/home/cxy/cyf/1day/test_input/curl/curl/CVE-2023-27533/fix/curl-8_13_0
CVE-2023-28320,fix,/home/cxy/cyf/1day/test_input/curl/curl/CVE-2023-28320/fix/curl-8_17_0
CVE-2024-2398,fix,/home/cxy/cyf/1day/test_input/curl/curl/CVE-2024-2398/fix/curl-8_17_0
CVE-2024-8096,fix,/home/cxy/cyf/1day/test_input/curl/curl/CVE-2024-8096/fix/curl-8_17_0
CVE-2021-22946,fix,/home/cxy/cyf/1day/test_input/curl/curl/CVE-2021-22946/fix/curl-8_7_0
CVE-2021-22945,fix,/home/cxy/cyf/1day/test_input/curl/curl/CVE-2021-22945/fix/curl-8_14_0
CVE-2023-39194,pre,/home/cxy/cyf/1day/test_input/torvalds/linux/CVE-2023-39194/pre/v2.6.29
CVE-2022-42432,pre,/home/cxy/cyf/1day/test_input/torvalds/linux/CVE-2022-42432/pre/v4.20
CVE-2023-2177,pre,/home/cxy/cyf/1day/test_input/torvalds/linux/CVE-2023-2177/pre/v4.13
CVE-2020-12768,pre,/home/cxy/cyf/1day/test_input/torvalds/linux/CVE-2020-12768/pre/v2.6.33
CVE-2024-26696,pre,/home/cxy/cyf/1day/test_input/torvalds/linux/CVE-2024-26696/pre/v3.7
CVE-2023-52467,pre,/home/cxy/cyf/1day/test_input/torvalds/linux/CVE-2023-52467/pre/v5.5
CVE-2024-26614,pre,/home/cxy/cyf/1day/test_input/torvalds/linux/CVE-2024-26614/pre/v4.2
CVE-2021-47024,pre,/home/cxy/cyf/1day/test_input/torvalds/linux/CVE-2021-47024/pre/v4.15
CVE-2022-1011,pre,/home/cxy/cyf/1day/test_input/torvalds/linux/CVE-2022-1011/pre/v2.6.30
CVE-2021-4028,pre,/home/cxy/cyf/1day/test_input/torvalds/linux/CVE-2021-4028/pre/v4.2
CVE-2023-0590,pre,/home/cxy/cyf/1day/test_input/torvalds/linux/CVE-2023-0590/pre/v2.6.27
CVE-2021-46913,pre,/home/cxy/cyf/1day/test_input/torvalds/linux/CVE-2021-46913/pre/v5.5
CVE-2021-47123,pre,/home/cxy/cyf/1day/test_input/torvalds/linux/CVE-2021-47123/pre/v5.9
CVE-2022-48627,pre,/home/cxy/cyf/1day/test_input/torvalds/linux/CVE-2022-48627/pre/v2.6.37
CVE-2021-3923,pre,/home/cxy/cyf/1day/test_input/torvalds/linux/CVE-2021-3923/pre/v2.6.37
CVE-2023-1281,pre,/home/cxy/cyf/1day/test_input/torvalds/linux/CVE-2023-1281/pre/v4.9
CVE-2023-52456,pre,/home/cxy/cyf/1day/test_input/torvalds/linux/CVE-2023-52456/pre/v5.4
CVE-2023-23455,pre,/home/cxy/cyf/1day/test_input/torvalds/linux/CVE-2023-23455/pre/v2.6.12
CVE-2021-47001,pre,/home/cxy/cyf/1day/test_input/torvalds/linux/CVE-2021-47001/pre/v5.3
CVE-2023-4387,pre,/home/cxy/cyf/1day/test_input/torvalds/linux/CVE-2023-4387/pre/v3.12
CVE-2024-0582,pre,/home/cxy/cyf/1day/test_input/torvalds/linux/CVE-2024-0582/pre/v6.2
CVE-2021-3715,pre,/home/cxy/cyf/1day/test_input/torvalds/linux/CVE-2021-3715/pre/v3.16
CVE-2023-23559,pre,/home/cxy/cyf/1day/test_input/torvalds/linux/CVE-2023-23559/pre/v2.6.33
CVE-2021-4095,pre,/home/cxy/cyf/1day/test_input/torvalds/linux/CVE-2021-4095/pre/v5.10
CVE-2023-6176,pre,/home/cxy/cyf/1day/test_input/torvalds/linux/CVE-2023-6176/pre/v5.5
CVE-2022-33743,pre,/home/cxy/cyf/1day/test_input/torvalds/linux/CVE-2022-33743/pre/v4.18
CVE-2020-27066,pre,/home/cxy/cyf/1day/test_input/torvalds/linux/CVE-2020-27066/pre/v2.6.28
CVE-2021-47139,pre,/home/cxy/cyf/1day/test_input/torvalds/linux/CVE-2021-47139/pre/v5.2
CVE-2021-20320,pre,/home/cxy/cyf/1day/test_input/torvalds/linux/CVE-2021-20320/pre/v3.19
CVE-2024-26718,pre,/home/cxy/cyf/1day/test_input/torvalds/linux/CVE-2024-26718/pre/v4.18
CVE-2023-52529,pre,/home/cxy/cyf/1day/test_input/torvalds/linux/CVE-2023-52529/pre/v5.11
CVE-2023-3609,pre,/home/cxy/cyf/1day/test_input/torvalds/linux/CVE-2023-3609/pre/v4.9
CVE-2021-47161,pre,/home/cxy/cyf/1day/test_input/torvalds/linux/CVE-2021-47161/pre/v4.7
CVE-2023-4194,pre,/home/cxy/cyf/1day/test_input/torvalds/linux/CVE-2023-4194/pre/v5.7
CVE-2021-22600,pre,/home/cxy/cyf/1day/test_input/torvalds/linux/CVE-2021-22600/pre/v5.2
CVE-2023-2019,pre,/home/cxy/cyf/1day/test_input/torvalds/linux/CVE-2023-2019/pre/v5.6
CVE-2023-52457,pre,/home/cxy/cyf/1day/test_input/torvalds/linux/CVE-2023-52457/pre/v5.7
CVE-2020-9391,pre,/home/cxy/cyf/1day/test_input/torvalds/linux/CVE-2020-9391/pre/v4.20
CVE-2023-52439,pre,/home/cxy/cyf/1day/test_input/torvalds/linux/CVE-2023-52439/pre/v4.2
CVE-2021-46931,pre,/home/cxy/cyf/1day/test_input/torvalds/linux/CVE-2021-46931/pre/v5.4
CVE-2021-46963,pre,/home/cxy/cyf/1day/test_input/torvalds/linux/CVE-2021-46963/pre/v5.2
CVE-2021-42327,pre,/home/cxy/cyf/1day/test_input/torvalds/linux/CVE-2021-42327/pre/v4.19
CVE-2024-26591,pre,/home/cxy/cyf/1day/test_input/torvalds/linux/CVE-2024-26591/pre/v5.11
CVE-2022-1734,pre,/home/cxy/cyf/1day/test_input/torvalds/linux/CVE-2022-1734/pre/v3.14
CVE-2023-1195,pre,/home/cxy/cyf/1day/test_input/torvalds/linux/CVE-2023-1195/pre/v5.14
CVE-2023-6039,pre,/home/cxy/cyf/1day/test_input/torvalds/linux/CVE-2023-6039/pre/v4.20
CVE-2021-0342,pre,/home/cxy/cyf/1day/test_input/torvalds/linux/CVE-2021-0342/pre/v4.13
CVE-2020-26088,pre,/home/cxy/cyf/1day/test_input/torvalds/linux/CVE-2020-26088/pre/v3.4
CVE-2024-0607,pre,/home/cxy/cyf/1day/test_input/torvalds/linux/CVE-2024-0607/pre/v4.1
CVE-2021-0707,pre,/home/cxy/cyf/1day/test_input/torvalds/linux/CVE-2021-0707/pre/v5.6
CVE-2023-25012,pre,/home/cxy/cyf/1day/test_input/torvalds/linux/CVE-2023-25012/pre/v4.20
CVE-2023-1252,pre,/home/cxy/cyf/1day/test_input/torvalds/linux/CVE-2023-1252/pre/v4.19
CVE-2020-15436,pre,/home/cxy/cyf/1day/test_input/torvalds/linux/CVE-2020-15436/pre/v2.6.36
CVE-2020-14351,pre,/home/cxy/cyf/1day/test_input/torvalds/linux/CVE-2020-14351/pre/v3.2
CVE-2021-47109,pre,/home/cxy/cyf/1day/test_input/torvalds/linux/CVE-2021-47109/pre/v4.18
CVE-2021-47010,pre,/home/cxy/cyf/1day/test_input/torvalds/linux/CVE-2021-47010/pre/v2.6.32
CVE-2023-22999,pre,/home/cxy/cyf/1day/test_input/torvalds/linux/CVE-2023-22999/pre/v5.10
CVE-2023-23000,pre,/home/cxy/cyf/1day/test_input/torvalds/linux/CVE-2023-23000/pre/v4.7
CVE-2023-2898,pre,/home/cxy/cyf/1day/test_input/torvalds/linux/CVE-2023-2898/pre/v5.5
CVE-2023-52473,pre,/home/cxy/cyf/1day/test_input/torvalds/linux/CVE-2023-52473/pre/v6.2
CVE-2022-2977,pre,/home/cxy/cyf/1day/test_input/torvalds/linux/CVE-2022-2977/pre/v4.10
CVE-2021-47138,pre,/home/cxy/cyf/1day/test_input/torvalds/linux/CVE-2021-47138/pre/v4.9
CVE-2021-46972,pre,/home/cxy/cyf/1day/test_input/torvalds/linux/CVE-2021-46972/pre/v5.7
CVE-2024-26615,pre,/home/cxy/cyf/1day/test_input/torvalds/linux/CVE-2024-26615/pre/v4.16
CVE-2021-46932,pre,/home/cxy/cyf/1day/test_input/torvalds/linux/CVE-2021-46932/pre/v2.6.22
CVE-2020-29569,pre,/home/cxy/cyf/1day/test_input/torvalds/linux/CVE-2020-29569/pre/v4.5
CVE-2021-47091,pre,/home/cxy/cyf/1day/test_input/torvalds/linux/CVE-2021-47091/pre/v5.8
CVE-2024-26715,pre,/home/cxy/cyf/1day/test_input/torvalds/linux/CVE-2024-26715/pre/v3.19
CVE-2021-38207,pre,/home/cxy/cyf/1day/test_input/torvalds/linux/CVE-2021-38207/pre/v5.2
CVE-2021-47122,pre,/home/cxy/cyf/1day/test_input/torvalds/linux/CVE-2021-47122/pre/v3.0
CVE-2021-47005,pre,/home/cxy/cyf/1day/test_input/torvalds/linux/CVE-2021-47005/pre/v4.19
CVE-2021-47007,pre,/home/cxy/cyf/1day/test_input/torvalds/linux/CVE-2021-47007/pre/v5.5
CVE-2021-46997,pre,/home/cxy/cyf/1day/test_input/torvalds/linux/CVE-2021-46997/pre/v5.8
CVE-2024-1086,pre,/home/cxy/cyf/1day/test_input/torvalds/linux/CVE-2024-1086/pre/v3.13
CVE-2023-35828,pre,/home/cxy/cyf/1day/test_input/torvalds/linux/CVE-2023-35828/pre/v4.16
CVE-2020-0041,pre,/home/cxy/cyf/1day/test_input/torvalds/linux/CVE-2020-0041/pre/v4.20
CVE-2022-20158,pre,/home/cxy/cyf/1day/test_input/torvalds/linux/CVE-2022-20158/pre/v2.6.12
CVE-2024-26601,pre,/home/cxy/cyf/1day/test_input/torvalds/linux/CVE-2024-26601/pre/v5.8
CVE-2021-47071,pre,/home/cxy/cyf/1day/test_input/torvalds/linux/CVE-2021-47071/pre/v4.17
CVE-2021-45402,pre,/home/cxy/cyf/1day/test_input/torvalds/linux/CVE-2021-45402/pre/v5.3
CVE-2021-28964,pre,/home/cxy/cyf/1day/test_input/torvalds/linux/CVE-2021-28964/pre/v3.5
CVE-2023-6622,pre,/home/cxy/cyf/1day/test_input/torvalds/linux/CVE-2023-6622/pre/v5.7
CVE-2020-10720,pre,/home/cxy/cyf/1day/test_input/torvalds/linux/CVE-2020-10720/pre/v3.14
CVE-2023-52573,pre,/home/cxy/cyf/1day/test_input/torvalds/linux/CVE-2023-52573/pre/v4.19
CVE-2021-34866,pre,/home/cxy/cyf/1day/test_input/torvalds/linux/CVE-2021-34866/pre/v5.7
CVE-2023-23002,pre,/home/cxy/cyf/1day/test_input/torvalds/linux/CVE-2023-23002/pre/v5.5
CVE-2022-1943,pre,/home/cxy/cyf/1day/test_input/torvalds/linux/CVE-2022-1943/pre/v2.6.30
CVE-2023-52448,pre,/home/cxy/cyf/1day/test_input/torvalds/linux/CVE-2023-52448/pre/v3.14
CVE-2023-42752,pre,/home/cxy/cyf/1day/test_input/torvalds/linux/CVE-2023-42752/pre/v2.6.36
CVE-2023-4207,pre,/home/cxy/cyf/1day/test_input/torvalds/linux/CVE-2023-4207/pre/v3.16
CVE-2021-4002,pre,/home/cxy/cyf/1day/test_input/torvalds/linux/CVE-2021-4002/pre/v3.4
CVE-2023-52630,pre,/home/cxy/cyf/1day/test_input/torvalds/linux/CVE-2023-52630/pre/v5.8
CVE-2023-52522,pre,/home/cxy/cyf/1day/test_input/torvalds/linux/CVE-2023-52522/pre/v2.6.32
CVE-2024-26649,pre,/home/cxy/cyf/1day/test_input/torvalds/linux/CVE-2024-26649/pre/v6.1
CVE-2020-12771,pre,/home/cxy/cyf/1day/test_input/torvalds/linux/CVE-2020-12771/pre/v3.13
CVE-2022-3107,pre,/home/cxy/cyf/1day/test_input/torvalds/linux/CVE-2022-3107/pre/v4.14
CVE-2023-52470,pre,/home/cxy/cyf/1day/test_input/torvalds/linux/CVE-2023-52470/pre/v3.14
CVE-2020-15852,pre,/home/cxy/cyf/1day/test_input/torvalds/linux/CVE-2020-15852/pre/v4.20
CVE-2022-4379,pre,/home/cxy/cyf/1day/test_input/torvalds/linux/CVE-2022-4379/pre/v5.4
CVE-2023-4147,pre,/home/cxy/cyf/1day/test_input/torvalds/linux/CVE-2023-4147/pre/v5.4
CVE-2021-47102,pre,/home/cxy/cyf/1day/test_input/torvalds/linux/CVE-2021-47102/pre/v5.10
CVE-2024-26707,pre,/home/cxy/cyf/1day/test_input/torvalds/linux/CVE-2024-26707/pre/v5.5
CVE-2022-1998,pre,/home/cxy/cyf/1day/test_input/torvalds/linux/CVE-2022-1998/pre/v5.9
CVE-2021-47060,pre,/home/cxy/cyf/1day/test_input/torvalds/linux/CVE-2021-47060/pre/v5.1
CVE-2023-7192,pre,/home/cxy/cyf/1day/test_input/torvalds/linux/CVE-2023-7192/pre/v3.2
CVE-2020-0444,pre,/home/cxy/cyf/1day/test_input/torvalds/linux/CVE-2020-0444/pre/v3.15
CVE-2022-2196,pre,/home/cxy/cyf/1day/test_input/torvalds/linux/CVE-2022-2196/pre/v5.6
CVE-2021-22235,pre,/home/cxy/cyf/1day/test_input/wireshark/wireshark/CVE-2021-22235/pre/v3.3.0
CVE-2020-25862,pre,/home/cxy/cyf/1day/test_input/wireshark/wireshark/CVE-2020-25862/pre/v2.1.0
CVE-2021-4186,pre,/home/cxy/cyf/1day/test_input/wireshark/wireshark/CVE-2021-4186/pre/v3.1.0
CVE-2021-39928,pre,/home/cxy/cyf/1day/test_input/wireshark/wireshark/CVE-2021-39928/pre/v2.1.1
CVE-2024-24478,pre,/home/cxy/cyf/1day/test_input/wireshark/wireshark/CVE-2024-24478/pre/wireshark-1.6.0
CVE-2020-25863,pre,/home/cxy/cyf/1day/test_input/wireshark/wireshark/CVE-2020-25863/pre/v2.1.0
CVE-2022-27775,pre,/home/cxy/cyf/1day/test_input/curl/curl/CVE-2022-27775/pre/curl-7_63_0
CVE-2024-2466,pre,/home/cxy/cyf/1day/test_input/curl/curl/CVE-2024-2466/pre/curl-8_4_0
CVE-2022-27780,pre,/home/cxy/cyf/1day/test_input/curl/curl/CVE-2022-27780/pre/curl-7_71_0
CVE-2020-8231,pre,/home/cxy/cyf/1day/test_input/curl/curl/CVE-2020-8231/pre/curl-7_25_0
CVE-2023-28319,pre,/home/cxy/cyf/1day/test_input/curl/curl/CVE-2023-28319/pre/curl-7_80_0
CVE-2021-22925,pre,/home/cxy/cyf/1day/test_input/curl/curl/CVE-2021-22925/pre/curl-6_5
CVE-2022-22576,pre,/home/cxy/cyf/1day/test_input/curl/curl/CVE-2022-22576/pre/curl-7_32_0
CVE-2023-27536,pre,/home/cxy/cyf/1day/test_input/curl/curl/CVE-2023-27536/pre/curl-7_21_7
CVE-2022-27782,pre,/home/cxy/cyf/1day/test_input/curl/curl/CVE-2022-27782/pre/curl-7_16_0
CVE-2023-27535,pre,/home/cxy/cyf/1day/test_input/curl/curl/CVE-2023-27535/pre/curl-7_12_0
