vul_id,repo,fixed_commit_sha,target_file,target_func,judgement,patch_file,patch_func,comment
CVE-2020-0427,torvalds/linux,be4c60b563edee3712d392aaeb0943a768df7023,net/compat.c,scm_max_fds_compat,FP,arch/x86/kernel/devicetree.c,dt_free_map,
CVE-2021-47090,torvalds/linux,2a57d83c78f889bf3f54eede908d0643c40d5418,drivers/isdn/mISDN/socket.c,base_sock_bind,FP,mm/memory-failure.c,soft_offline_page,
CVE-2021-4093,torvalds/linux,95e16b4792b0429f1933872f743410f00e590c55,drivers/pinctrl/cirrus/pinctrl-madera-core.c,madera_pin_unmake_drv_str,FP,arch/x86/kvm/x86.c,complete_sev_es_emulated_outs,
CVE-2022-1015,torvalds/linux,6e1acfa387b9ff82cfc7db8cc3b6959221a95851,drivers/pinctrl/pinctrl-at91.c,at91_mux_sam9x60_get_slewrate,FP,net/netfilter/nf_tables_api.c,nft_parse_register_load,
CVE-2021-42252,torvalds/linux,b49a0e69a7b1a68c8d3f64097d06dabb770fec96,arch/um/drivers/mmapper_kern.c,mmapper_mmap,函数不存在,drivers/soc/aspeed/aspeed-lpc-ctrl.c,aspeed_lpc_ctrl_mmap,
CVE-2020-26088,torvalds/linux,26896f01467a28651f7a536143fe5ac8449d4041,drivers/net/usb/hso.c,hso_mux_serial_read,FP,net/nfc/rawsock.c,rawsock_create,
CVE-2021-46964,torvalds/linux,f02d4086a8f36a0e1aaebf559b54cf24a177a486,drivers/scsi/lpfc/lpfc_init.c,lpfc_cmf_timer,FP,drivers/scsi/qla2xxx/qla_isr.c,qla24xx_enable_msix,
CVE-2022-1671,torvalds/linux,ff8376ade4f668130385839cef586a0990f8ef87,mm/readahead.c,ksys_readahead,FP,net/rxrpc/server_key.c,rxrpc_preparse_s,
CVE-2020-27067,torvalds/linux,9f775ead5e570e7e19015b9e4e2f3dd6e71a5935,mm/memcontrol-v1.c,memcg1_memcg_init,FP,net/l2tp/l2tp_eth.c,l2tp_eth_init_net,
CVE-2017-14040,uclouvain/openjpeg,2cd30c2b06ce332dede81cccad8b334cde997281,src/bin/jp2/convert.c,rawtoimage_common,FP,src/bin/jp2/convert.c,tgatoimage,
CVE-2024-26740,torvalds/linux,52f671db18823089a02f07efc04efdb2272ddc17,ipc/util.c,ipc_check_perms,FP,net/sched/act_mirred.c,tcf_mirred_forward,
CVE-2021-47060,torvalds/linux,5d3c4c79384af06e3c8e25b7770b6247496b4417,drivers/pinctrl/core.c,get_pinctrl_dev_from_devname,FP,virt/kvm/coalesced_mmio.c,kvm_vm_ioctl_unregister_coalesced_mmio,
CVE-2022-1204,torvalds/linux,9fd75b66b8f68498454d685dc4ba13192ae069b0,drivers/hid/intel-ish-hid/ishtp/client.c,ishtp_read_list_flush,FP,net/ax25/af_ax25.c,ax25_kill_by_device,
CVE-2022-48629,torvalds/linux,a680b1832ced3b5fa7c93484248fd221ea0d614b,tools/perf/util/thread-stack.c,thread_stack__trace_begin,FP,drivers/crypto/qcom-rng.c,qcom_rng_read,
CVE-2021-29155,torvalds/linux,9601148392520e2e134936e76788fc2a6371e7be,kernel/bpf/verifier.c,adjust_ptr_min_max_vals,FP,drivers/net/ethernet/netronome/nfp/bpf/verifier.c,adjust_ptr_min_max_vals,
CVE-2023-6111,torvalds/linux,93995bf4af2c5a99e2a87f0cd5ce547d31eb7630,security/apparmor/label.c,aa_labelset_init,FP,net/netfilter/nf_tables_api.c,nft_setelem_catchall_destroy,
CVE-2024-26757,torvalds/linux,55a48ad2db64737f7ffc0407634218cc6e4c513b,drivers/pinctrl/renesas/pinctrl-rzg2l.c,rzv2h_bias_param_to_hw,FP,drivers/md/md.c,unregister_sync_thread,
CVE-2021-3483,torvalds/linux,829933ef05a951c8ff140e814656d73e74915faf,fs/bcachefs/backpointers.c,check_extent_to_backpointers,函数不存在,drivers/firewire/nosy.c,nosy_ioctl,
CVE-2023-52617,torvalds/linux,df25461119d987b8c81d232cfe4411e91dcabe66,security/device_cgroup.c,css_to_devcgroup,FP,drivers/pci/switch/switchtec.c,stdev_release,
CVE-2020-25669,torvalds/linux,77e70d351db7de07a46ac49b87a6c3c7a60fca7e,kernel/cpu_pm.c,cpu_pm_suspend,FP,drivers/input/keyboard/sunkbd.c,sunkbd_enable,
CVE-2021-47125,torvalds/linux,944d671d5faa0d78980a3da5c0f04960ef1ad893,arch/arm/mm/dma-mapping.c,__alloc_simple_buffer,FP,net/sched/sch_htb.c,htb_parent_to_leaf_offload,
CVE-2023-2248,torvalds/linux,3037933448f60f9acb705997eae62013ecb81e0d,net/sched/sch_hfsc.c,hfsc_change_class,FP,net/sched/sch_qfq.c,qfq_change_class,
CVE-2021-46922,torvalds/linux,9d5171eab462a63e2fbebfccf6026e92be018f20,drivers/char/tpm/tpm2-sessions.c,tpm_buf_append_hmac_session,FP,security/keys/trusted-keys/trusted_tpm2.c,tpm2_seal_trusted,
CVE-2021-3640,torvalds/linux,99c23da0eed4fd20cae8243f2b51e10e66aa0951,lib/kobject.c,kset_register,FP,net/bluetooth/sco.c,sco_sock_sendmsg,
CVE-2022-4128,torvalds/linux,5c835bb142d4013c2ab24bff5ae9f6709a39cbcf,net/mptcp/subflow.c,subflow_state_change,FP,drivers/usb/storage/protocol.c,mptcp_disconnect,
CVE-2021-4154,torvalds/linux,3b0462726e7ef281c35a7a4ae33e93ee2bc9975b,drivers/usb/gadget/function/f_tcm.c,uasp_status_data_cmpl,FP,kernel/cgroup/cgroup-v1.c,cgroup1_parse_param,
CVE-2021-46950,torvalds/linux,2417b9869b81882ab90fd5ed1081a1cb2d4db1dd,drivers/md/raid10.c,raid10_end_write_request,FP,drivers/md/raid1.c,raid1_end_write_request,
CVE-2020-0466,torvalds/linux,52c479697c9b73f628140dcdfcd39ea302d05482,drivers/net/can/usb/peak_usb/pcan_usb_core.c,peak_usb_start,FP,fs/eventpoll.c,do_epoll_ctl,
CVE-2015-2150,torvalds/linux,af6fc858a35b90e89ea7a7ee58e66628c55c776b,scripts/dtc/libfdt/fdt_sw.c,fdt_property,FP,drivers/xen/xen-pciback/conf_space_header.c,command_init,
CVE-2022-1976,torvalds/linux,9cae36a094e7e9d6e5fe8b6dcd4642138b3eb0c7,mm/swap_state.c,vma_ra_enabled_store,FP,io_uring/io_uring.c,tctx_inflight,
CVE-2022-43750,torvalds/linux,a659daf63d16aa883be42f3f34ff84235c302198,lib/error-inject.c,ei_module_callback,FP,drivers/usb/mon/mon_bin.c,mon_bin_mmap,
CVE-2021-47008,torvalds/linux,a3ba26ecfb569f4aa3f867e80c02aa65f20aadad,net/8021q/vlan_dev.c,vlan_dev_free_egress_priority,FP,arch/powerpc/platforms/pseries/svm.c,svm_complete_emulated_msr,
CVE-2021-29657,torvalds/linux,a58d9166a756a0f4a6618e4f593232593d6df134,drivers/tty/serial/sifive.c,sifive_serial_init,FP,arch/arm64/kvm/nested.c,enter_svm_guest_mode,
CVE-2021-47139,torvalds/linux,a289a7e5c1d49b7d47df9913c1cc81fb48fab613,net/core/dev.c,__dev_change_net_namespace,FP,drivers/net/ethernet/hisilicon/hns3/hns3_enet.c,hns3_client_init,
CVE-2023-52446,torvalds/linux,59e5791f59dd83e8aa72a4e74217eabb6e8cfd90,arch/riscv/include/asm/processor.h,arch_thread_struct_whitelist,FP,arch/loongarch/kernel/syscall.c,bpf_map_free_deferred,
CVE-2023-23455,torvalds/linux,a2965c7be0522eaa18808684b7b82b248515511b,drivers/scsi/esp_scsi.c,esp_finish_select,FP,sch_atm.c,atm_tc_enqueue,
CVE-2021-47096,torvalds/linux,39a8fc4971a00d22536aeb7d446ee4a97810611b,drivers/input/keyboard/lm8323.c,lm8323_probe,FP,sound/core/rawmidi.c,snd_rawmidi_open,
CVE-2022-3535,torvalds/linux,0152dfee235e87660f52a117fc9f70dc55956bb4,drivers/crypto/amlogic/amlogic-gxl-cipher.c,meson_skencrypt,FP,drivers/net/ethernet/marvell/mvpp2/mvpp2_debugfs.c,mvpp2_dbgfs_init,
CVE-2024-26598,torvalds/linux,ad362fe07fecf0aba839ff2cc59a3617bd42c33f,drivers/pinctrl/mediatek/pinctrl-moore.c,mtk_pinconf_group_get,FP,arch/arm64/kvm/vgic/vgic-its.c,vgic_its_check_cache,
CVE-2023-52439,torvalds/linux,0c9ae0b8605078eafc3bea053cc78791e97ba2e2,net/ipv6/mcast.c,__ipv6_dev_mc_inc,FP,drivers/uio/uio.c,uio_open,
CVE-2020-0305,torvalds/linux,68faa679b8be1a74e6663c21c3a9d25d32f1c079,lib/kobject.c,kobject_create,FP,fs/char_dev.c,cdev_get,
CVE-2021-3896,torvalds/linux,1f3e2e97c003f80c4b087092b225c8787ff91e4d,include/net/bluetooth/hci_core.h,hci_connect_cfm,FP,drivers/isdn/capi/kcapi.c,detach_capi_ctr,
CVE-2023-2008,torvalds/linux,05b252cccb2e5c3f56119d25de684b4f810ba40a,samples/vfio-mdev/mtty.c,mtty_release_migf,FP,drivers/dma-buf/udmabuf.c,udmabuf_vm_fault,
CVE-2021-27363,torvalds/linux,688e8128b7a92df982709a4137ea4588d16f24aa,sound/soc/renesas/rcar/core.c,rsnd_soc_dai_prepare,FP,drivers/scsi/scsi_transport_iscsi.c,show_transport_handle,
CVE-2021-47101,torvalds/linux,8035b1a2a37a29d8c717ef84fca8fe7278bc9f03,net/atm/lec.c,lane_module_init,FP,drivers/net/usb/asix_common.c,asix_check_host_enable,
CVE-2024-26601,torvalds/linux,c9b528c35795b711331ed36dc3dbee90d5812d4e,drivers/scsi/lpfc/lpfc_sli.c,lpfc_sli4_get_avail_extnt_rsrc,FP,fs/ext4/mballoc.c,mb_free_blocks,
CVE-2022-1678,torvalds/linux,864e5c090749448e879e86bec06ee396aa2c19c5,include/net/tcp.h,tcp_full_space,FP,net/ipv4/tcp_output.c,tcp_pacing_check,
CVE-2021-47130,torvalds/linux,bcd9a0797d73eeff659582f23277e7ab6e5f18f3,include/linux/find.h,find_first_and_and_bit,FP,arch/arm/probes/uprobes/core.c,nvmet_req_find_p2p_dev,
CVE-2022-20565,torvalds/linux,bce1305c0ece3dc549663605e567655dd701752c,init/do_mounts.c,readonly,FP,drivers/hid/hid-core.c,hid_compute_report_size,
CVE-2023-52596,torvalds/linux,315552310c7de92baea4e570967066569937a843,drivers/pinctrl/core.h,pin_desc_get,FP,fs/proc/proc_sysctl.c,register_sysctl_mount_point,
CVE-2021-20261,torvalds/linux,a0c80efe5956ccce9fe7ae5c78542578c07bc20a,net/mctp/route.c,mctp_key_match,FP,drivers/block/floppy.c,get_floppy_geometry,
CVE-2024-0646,torvalds/linux,c5a595000e2677e865a39f249c056bc05d6e55fd,io_uring/net.c,io_recvzc,FP,net/tls/tls_sw.c,tls_sw_sendmsg_splice,
CVE-2022-21385,torvalds/linux,ea010070d0a7497253d5a6f919f6dd107450b31a,arch/sparc/kernel/process_32.c,clone_stackframe,FP,drivers/net/ethernet/mellanox/mlx5/core/rdma.c,rds_rdma_extra_size,
OSV-2020-506,libarchive/libarchive,2fce6f81cc59144bf4f2f66f7620233d609b41ef,libarchive/archive_read_support_format_iso9660.c,read_children,FP,libarchive/archive_read_support_format_rar5.c,parse_file_extra_owner,
CVE-2022-2590,torvalds/linux,5535be3099717646781ce1540cf725965d680e7b,block/blk-mq-sched.h,blk_mq_sched_needs_restart,FP,mm/gup.c,can_follow_write_pte,
CVE-2024-0646,torvalds/linux,c5a595000e2677e865a39f249c056bc05d6e55fd,arch/arm/kernel/signal.c,sys_sigreturn,FP,net/tls/tls_sw.c,tls_sw_sendmsg_splice,
CVE-2023-3439,torvalds/linux,b561275d633bcd8e0e8055ab86f1a13df75a0269,drivers/pinctrl/tegra/pinctrl-tegra.c,tegra_pinctrl_get_groups_count,FP,arch/m68k/coldfire/device.c,mctp_dev_put,
CVE-2023-52472,torvalds/linux,d872ca165cb67112f2841ef9c37d51ef7e63d1e4,block/ioctl.c,blk_validate_byte_range,FP,crypto/rsa.c,rsa_check_exponent_fips,
CVE-2015-8709,torvalds/linux,bfedb589252c01fa505ac9f6f2a3d5d68d707ef4,security/device_cgroup.c,may_allow_all,FP,tools/testing/selftests/powerpc/benchmarks/fork.c,mm_alloc,
CVE-2022-33741,torvalds/linux,4491001c2e0fa69efbb748c96ec96b100a5cdb7e,sound/core/seq/seq_memory.c,snd_seq_cell_alloc,FP,drivers/net/xen-netfront.c,xennet_connect,
CVE-2023-3359,torvalds/linux,b0576ade3aaf24b376ea1a4406ae138e2a22b0c0,arch/powerpc/kernel/module_64.c,create_ftrace_stub,FP,drivers/nvmem/brcm_nvram.c,brcm_nvram_parse,
CVE-2022-26490,torvalds/linux,4fbcc1a4cb20fe26ad0225679c536c80f1648221,net/bluetooth/mgmt.c,set_local_name,FP,drivers/nfc/st-nci/se.c,st21nfca_connectivity_event_received,
CVE-2020-36784,torvalds/linux,23ceb8462dc6f4b4decdb5536a7e5fc477cdf0b6,net/xdp/xsk_diag.c,xsk_diag_handler_dump,FP,drivers/i2c/busses/i2c-cadence.c,cdns_reg_slave,
CVE-2019-19947,torvalds/linux,da2311a6385c3b499da2ed5d9be59ce331fa93e9,security/loadpin/loadpin.c,dm_verity_ioctl,FP,drivers/net/can/usb/kvaser_usb/kvaser_usb_leaf.c,kvaser_usb_leaf_flush_queue,
CVE-2021-47004,torvalds/linux,61461fc921b756ae16e64243f72af2bfc2e620db,drivers/pci/endpoint/pci-epc-core.c,pci_epc_linkup,FP,arch/mips/kernel/segment.c,get_free_segment,
CVE-2021-20320,torvalds/linux,db7bee653859ef7179be933e7d1384644f795f26,arch/powerpc/net/bpf_jit_comp64.c,bpf_jit_build_body,FP,arch/arm64/net/bpf_jit_comp.c,bpf_jit_insn,
CVE-2021-47128,torvalds/linux,ff40e51043af63715ab413995ff46996ecf9583f,security/security.c,security_socket_getsockopt,FP,kernel/trace/bpf_trace.c,bpf_probe_read_kernel_common,
CVE-2022-1011,torvalds/linux,0c4bcfdecb1ac0967619ee7ff44871d93c08c909,arch/x86/kernel/cpu/microcode/amd.c,__load_microcode_amd,FP,arch/mips/fw/arc/file.c,fuse_get_user_pages,
CVE-2024-26734,torvalds/linux,def689fc26b9a9622d2e2cb0c4933dd3b1c8071c,arch/powerpc/platforms/pseries/cmm.c,cmm_sysfs_register,FP,arch/arm/probes/uprobes/core.c,devlink_init,
CVE-2021-47107,torvalds/linux,53b1119a6e5028b125f431a0116ba73510d82a72,fs/nfsd/nfsproc.c,nfsd_init_dirlist_pages,FP,fs/nfsd/nfs3proc.c,nfsd3_init_dirlist_pages,
CVE-2021-47112,torvalds/linux,8b79feffeca28c5459458fe78676b081e87c93a4,sound/pci/cmipci.c,snd_cmipci_capture_close,FP,arch/powerpc/kernel/kvm.c,kvm_cpu_down_prepare,
CVE-2023-1998,torvalds/linux,6921ed9049bc7457f66c1596c5b78aec0dae4a9d,tools/lib/subcmd/parse-options.c,usage_with_options,FP,arch/alpha/kernel/bugs.c,spectre_v2_in_ibrs_mode,
CVE-2022-1976,torvalds/linux,9cae36a094e7e9d6e5fe8b6dcd4642138b3eb0c7,tools/verification/rv/src/in_kernel.c,ikm_destroy_trace_instance,FP,io_uring/io_uring.c,io_match_task,
CVE-2024-26807,torvalds/linux,32ce3bb57b6b402de2aec1012511e7ac4e7449dc,fs/ocfs2/stack_user.c,ocfs2_control_init,FP,drivers/spi/spi-cadence-quadspi.c,cqspi_resume,
CVE-2023-23000,torvalds/linux,045a31b95509c8f25f5f04ec5e0dec5cd09f2c5f,net/ipv6/mcast.c,ipv6_dev_mc_dec,FP,drivers/phy/tegra/xusb.c,tegra_xusb_find_port_node,
CVE-2021-3640,torvalds/linux,99c23da0eed4fd20cae8243f2b51e10e66aa0951,security/apparmor/lsm.c,apparmor_ip_postroute,FP,net/bluetooth/sco.c,sco_send_frame,
CVE-2023-3212,torvalds/linux,504a10d9e46bc37b23d0a1ae2f28973c8516e636,sound/firewire/motu/amdtp-motu.c,process_ir_ctx_payloads,FP,drivers/md/bcache/super.c,gfs2_evict_inode,
CVE-2024-26746,torvalds/linux,d3ea125df37dc37972d581b74a5d3785c3f283ab,net/ipv4/fib_trie.c,fib_find_matching_alias,FP,arch/loongarch/mm/init.c,idxd_init_evl,
CVE-2023-5686,radareorg/radare2,1bdda93e348c160c84e30da3637acef26d0348de,shlr/java/code.c,java_print_opcode,FP,shlr/java/code.c,java_print_opcode,
CVE-2021-39634,torvalds/linux,f8d4f44df056c5b504b0d49683fb7279218fd207,net/sched/sch_sfq.c,sfq_rehash,FP,fs/eventpoll.c,ep_insert,
CVE-2024-26761,torvalds/linux,0cab687205986491302cd2e440ef1d253031c221,sound/isa/wavefront/wavefront_fx.c,snd_wavefront_fx_ioctl,FP,arch/loongarch/pci/pci.c,cxl_hdm_decode_init,
CVE-2021-33061,torvalds/linux,008ca35f6e87be1d60b6af3d1ae247c6d5c2531d,net/bluetooth/hci_event.c,hci_le_create_big_complete_evt,FP,drivers/net/ethernet/intel/ixgbe/ixgbe_main.c,ixgbe_check_for_bad_vf,
CVE-2021-28972,torvalds/linux,cc7a0bb058b85ea03db87169c60c7cfdd5d34678,arch/mips/pci/msi-octeon.c,__octeon_msi_do_interrupt,FP,drivers/pci/hotplug/rpadlpar_sysfs.c,add_slot_store,
CVE-2016-3955,torvalds/linux,b348d7dddb6c4fbfc810b7a0626e8ec9e29f7cbb,net/tipc/socket.c,__tipc_bind,FP,drivers/usb/usbip/usbip_common.c,usbip_recv_xbuff,
CVE-2021-3609,torvalds/linux,d5f9023fa61ee8b94f37a93f08e94b136cf1e463,arch/xtensa/platforms/iss/network.c,iss_net_setup,FP,net/can/bcm.c,bcm_release,
CVE-2024-26790,torvalds/linux,9d739bccf261dd93ec1babf82f5c5d71dd4caa3e,drivers/net/wireless/quantenna/qtnfmac/commands.c,qtnf_cmd_netdev_changeupper,FP,drivers/dma/fsl-qdma.c,fsl_qdma_comp_fill_memcpy,
CVE-2023-2430,torvalds/linux,e12d7a46f65ae4b7d58a5e0c1cbfa825cf8d830d,drivers/pinctrl/stm32/pinctrl-stm32.c,stm32_gpio_set_type,FP,io_uring/msg_ring.c,io_msg_ring,
CVE-2022-3113,torvalds/linux,e25a89f743b18c029bfbe5e1663ae0c7190912b0,net/batman-adv/multicast_forw.c,batadv_mcast_forw_push_want_rtr,FP,drivers/media/platform/mediatek/vcodec/common/mtk_vcodec_fw_vpu.c,mtk_vcodec_fw_vpu_init,
CVE-2016-6198,torvalds/linux,54d5ca871e72f2bb172ec9323497f01cd5091ec7,drivers/net/ethernet/marvell/prestera/prestera_router.c,prestera_util_neigh2nc_key,FP,fs/open.c,vfs_open,
CVE-2021-47014,torvalds/linux,f77bd544a6bbe69aa50d9ed09f13494cf36ff806,sound/firewire/tascam/tascam-transaction.c,snd_tscm_transaction_register,FP,net/sched/act_ct.c,tcf_ct_handle_fragments,
CVE-2021-46982,torvalds/linux,a949dc5f2c5cfe0c910b664650f45371254c0744,fs/quota/dquot.c,dquot_drop,FP,fs/smb/client/compress.c,f2fs_put_rpages_mapping,
CVE-2020-27777,torvalds/linux,bd59380c5ba4147dcbaad3e582b55ccfd120b764,fs/afs/proc.c,afs_proc_cells_next,FP,arch/powerpc/kernel/rtas.c,in_rmo_buf,
CVE-2023-52502,torvalds/linux,31c07dffafce914c1d1543c135382a11ff058d93,fs/ext2/xattr_user.c,ext2_xattr_user_get,FP,net/nfc/llcp_core.c,nfc_llcp_sock_get_sn,
CVE-2020-26145,torvalds/linux,65c415a144ad8132b6a6d97d4a1919ffc728e2d1,include/net/mac80211.h,ieee80211_is_tx_data,FP,drivers/net/wireless/ath/ath10k/htt_rx.c,ath10k_htt_rx_h_frag_multicast_check,
CVE-2024-26809,torvalds/linux,b0e256f3dd2ba6532f37c5c22e07cb07a36031ee,net/netfilter/nft_set_pipapo.c,nft_pipapo_destroy,FP,net/netfilter/nft_set_pipapo.c,nft_pipapo_destroy,
CVE-2021-47134,torvalds/linux,668a84c1bfb2b3fd5a10847825a854d63fac7baa,drivers/scsi/elx/efct/efct_unsol.c,efct_dispatch_fcp_cmd,FP,drivers/firmware/efi/fdtparams.c,efi_get_fdt_params,
CVE-2024-26649,torvalds/linux,bc03c02cc1991a066b23e69bbcc0f66e8f1f7453,net/ipv6/addrconf.c,ipv6_add_dev,FP,drivers/gpu/drm/amd/amdgpu/gfx_v10_0.c,gfx_v10_0_init_microcode,
CVE-2024-23849,torvalds/linux,13e788deb7348cc88df34bed736c3b3b9927ea52,tools/lib/bpf/libbpf.c,sec_def_matches,FP,net/rds/af_rds.c,rds_recv_track_latency,
CVE-2015-4177,torvalds/linux,cd4a40174b71acd021877341684d8bb1dc8ea4ae,crypto/hmac.c,hmac_finup_done,FP,kernel/cgroup/namespace.c,collect_mounts,
CVE-2016-10154,torvalds/linux,06deeec77a5a689cc94b21a8a91a76e42176685d,arch/openrisc/kernel/ptrace.c,regs_get_kernel_stack_nth,FP,fs/smb/client/smbencrypt.c,E_P16,
CVE-2023-52447,torvalds/linux,876673364161da50eed6b472d746ef88242b2368,mm/hugetlb.c,hugetlb_vma_lock_release,FP,arch/loongarch/kernel/syscall.c,bpf_map_free_rcu_gp,
CVE-2024-26753,torvalds/linux,c0ec2a712daf133d9996a8a1b7ee2d4996080363,drivers/scsi/qedf/qedf_els.c,qedf_l2_els_compl,FP,drivers/crypto/virtio/virtio_crypto_akcipher_algs.c,virtio_crypto_alg_akcipher_init_session,
CVE-2021-20322,torvalds/linux,a00df2caffed3883c341d5685f830434312e4a43,drivers/net/wireless/realtek/rtlwifi/pci.c,_rtl_pci_tx_chk_waitq,FP,net/mctp/route.c,rt6_insert_exception,
CVE-2022-3619,torvalds/linux,7c9524d929648935bac2bbb4c20437df8f9c3f42,drivers/media/platform/qcom/camss/camss-ispif.c,ispif_isr_8x16,FP,net/bluetooth/l2cap_core.c,l2cap_recv_acldata,
CVE-2020-10690,torvalds/linux,a33121e5487b424339636b25c35d3a180eaa5f5e,mm/hugetlb.c,hugetlb_report_node_meminfo,FP,drivers/ptp/ptp_clock.c,delete_ptp_clock,
CVE-2023-39194,torvalds/linux,dfa73c17d55b921e1d4e154976de35317e43a93a,net/core/rtnetlink.c,rtnl_stats_get,FP,net/xfrm/xfrm_user.c,xfrm_dump_sa,
CVE-2023-4720,gpac/gpac,e396648e48c57e2d53988d3fd4465b068b96c89a,src/isomedia/box_code_base.c,rely_box_read,FP,src/scene_manager/swf_parse.c,swf_get_16,
CVE-2024-26797,torvalds/linux,0f8ca019544a252d1afb468ce840c6dcbac73af4,drivers/gpu/drm/amd/display/dc/resource/dcn10/dcn10_resource.c,dcn10_resource_destruct,FP,drivers/gpu/drm/amd/display/dc/dml2/dml2_wrapper.c,map_hw_resources,
CVE-2022-1882,torvalds/linux,353f7988dd8413c47718f7ca79c030b6fb62cfe5,kernel/fork.c,sighand_ctor,FP,kernel/watch_queue.c,lock_wqueue,
CVE-2023-52581,torvalds/linux,cf5000a7787cbc10341091d37245a42c119d26c5,kernel/kprobes.c,reuse_unused_kprobe,FP,net/netfilter/nf_tables_api.c,nft_trans_gc_queue_sync,
CVE-2023-1295,torvalds/linux,9eac1904d3364254d622bf2c771c4f85cd435fc2,block/ioctl.c,blkdev_uring_cmd,FP,io_uring/io_uring.c,io_close_prep,
CVE-2023-52439,torvalds/linux,0c9ae0b8605078eafc3bea053cc78791e97ba2e2,fs/bcachefs/subvolume.c,bch2_subvolume_wait_for_pagecache_and_delete,函数不存在,drivers/uio/uio.c,uio_open,
CVE-2022-28070,radareorg/radare2,4aff1bb00224de4f5bc118f987dfd5d2fe3450d0,libr/core/disasm.c,ds_show_xrefs,FP,libr/core/canal.c,__core_anal_fcn,
CVE-2021-3669,torvalds/linux,20401d1058f3f841f35a594ac2fc1293710e55b9,sound/soc/codecs/rt5682.c,rt5682_wclk_determine_rate,FP,arch/um/os-Linux/util.c,sysvipc_find_ipc,
CVE-2024-26731,torvalds/linux,4cd12c6065dfcdeba10f49949bffcf383b3952d8,io_uring/tctx.c,io_init_wq_offload,FP,net/core/skmsg.c,sk_psock_verdict_data_ready,
CVE-2018-10021,torvalds/linux,318aaf34f1179b39fa9c30fa0f3288b645beee39,kernel/bpf/btf.c,btf_free_struct_ops_tab,FP,drivers/scsi/libsas/sas_scsi_host.c,sas_eh_finish_cmd,
CVE-2021-47069,torvalds/linux,a11ddb37bf367e6b5239b95ca759e5389bb46048,arch/um/drivers/port_kern.c,port_work_proc,FP,ipc/mqueue.c,__pipelined_op,
CVE-2022-42720,torvalds/linux,0b7808818cb9df6680f98996b8e9a439fa7bcc2f,drivers/scsi/lpfc/lpfc_scsi.c,lpfc_bg_setup_bpl,FP,drivers/bcma/scan.c,cfg80211_inform_single_bss_data,
CVE-2024-26652,torvalds/linux,ba18deddd6d502da71fd6b6143c53042271b82bd,net/dcb/dcbnl.c,dcb_ieee_getapp_prio_dscp_mask_map,FP,drivers/net/ethernet/amd/pds_core/auxbus.c,pdsc_auxbus_dev_del,
CVE-2021-4203,torvalds/linux,35306eb23814444bd4021f8a1c3047d3cb0c8b2b,drivers/net/amt.c,amt_update_relay_status,FP,net/core/sock.c,sk_get_peer_cred,
CVE-2022-36402,torvalds/linux,14abdfae508228a7307f7491b5c4215ae70c6542,fs/nfsd/export.c,expkey_parse,FP,drivers/gpu/drm/vmwgfx/vmwgfx_execbuf.c,vmw_cmd_dx_set_shader,
CVE-2024-26664,torvalds/linux,4e440abc894585a34c2904a32cd54af1742311b3,drivers/net/wireless/ath/ath11k/dp_tx.c,ath11k_dp_tx_htt_tx_complete_buf,FP,drivers/hwmon/coretemp.c,create_core_data,
CVE-2021-47012,torvalds/linux,3093ee182f01689b89e9f8797b321603e5de4f63,net/rxrpc/proc.c,rxrpc_peer_seq_show,FP,drivers/infiniband/sw/siw/siw_mem.c,siw_mr_add_mem,
CVE-2015-8830,torvalds/linux,4c185ce06dca14f5cea192f5a2c981ef50663f2b,fs/binfmt_elf.c,elf_read,FP,fs/aio.c,aio_setup_single_vector,
CVE-2020-36782,torvalds/linux,278e5bbdb9a94fa063c0f9bcde2479d0b8042462,samples/seccomp/user-trap.c,user_trap_syscall,FP,drivers/i2c/busses/i2c-imx-lpi2c.c,lpi2c_imx_master_enable,
CVE-2022-29156,torvalds/linux,8700af2cc18c919b2a83e74e0479038fd113c15d,include/scsi/libsas.h,to_sas_discovery_event,FP,drivers/infiniband/ulp/rtrs/rtrs-clt.c,rtrs_clt_dev_release,
CVE-2022-1048,torvalds/linux,92ee3c60ec9fe64404dc035e7c41277d74aa26cb,net/ipv6/ip6mr.c,ip6mr_sk_done,FP,sound/core/pcm_native.c,snd_pcm_hw_free,
CVE-2020-15393,torvalds/linux,28ebeb8db77035e058a510ce9bd17c2b9a009dba,arch/csky/kernel/ptrace.c,gpr_get,FP,drivers/usb/misc/usbtest.c,usbtest_disconnect,
CVE-2020-12464,torvalds/linux,056ad39ee9253873522f6469c3364964a322912b,drivers/pinctrl/stm32/pinctrl-stm32.c,stm32_pconf_get_bias,FP,drivers/usb/core/message.c,usb_sg_cancel,
CVE-2023-46927,gpac/gpac,a7b467b151d9b54badbc4dd71e7a366b7c391817,applications/mp4box/mp4box.c,HintFile,FP,src/isomedia/isom_write.c,gf_isom_new_track_from_template,
CVE-2023-1611,torvalds/linux,2f1a6be12ab6c8470d5776e68644726c94257c54,fs/nfs/blocklayout/dev.c,bl_parse_scsi,FP,arch/x86/kernel/cpu/sgx/ioctl.c,btrfs_ioctl_qgroup_assign,
CVE-2022-1012,torvalds/linux,b2d057560b8107c633b39aabe517ff9d93f285e3,sound/hda/codecs/generic.c,add_stereo_vol,FP,net/ipv4/inet_hashtables.c,inet_sk_port_offset,
CVE-2020-23930,gpac/gpac,9eeac00b38348c664dfeae2525bba0cf1bc32349,src/filters/write_nhml.c,nhmldump_send_frame,FP,src/filters/write_nhml.c,nhmldump_send_header,
CVE-2020-28941,torvalds/linux,d4122754442799187d5d537a9c039a49a67e57f1,net/unix/af_unix.c,unix_stream_read_skb,FP,drivers/accessibility/speakup/spk_ttyio.c,spk_ttyio_ldisc_open,
CVE-2023-23144,gpac/gpac,3a2458a49b3e6399709d456d7b35e7a6f50cfb86,src/bifs/unquantize.c,Q_DecCoordOnUnitSphere,FP,src/bifs/unquantize.c,Q_DecCoordOnUnitSphere,
CVE-2021-47096,torvalds/linux,39a8fc4971a00d22536aeb7d446ee4a97810611b,sound/drivers/portman2x4.c,snd_portman_probe,FP,sound/core/rawmidi.c,snd_rawmidi_open,
CVE-2021-3640,torvalds/linux,99c23da0eed4fd20cae8243f2b51e10e66aa0951,include/net/bluetooth/bluetooth.h,bt_skb_send_alloc,FP,net/bluetooth/sco.c,sco_sock_sendmsg,
CVE-2020-13974,torvalds/linux,b86dab054059b970111b5516ae548efaae5b3aae,crypto/md4.c,lshift,FP,drivers/s390/char/keyboard.c,k_lock,
CVE-2023-52497,torvalds/linux,3c12466b6b7bf1e56f9b32c366a3d83d87afb4de,crypto/rsa-pkcs1pad.c,pkcs1pad_decrypt,FP,arch/s390/boot/decompressor.c,z_erofs_lz4_handle_overlap,
CVE-2024-26659,torvalds/linux,7c4650ded49e5b88929ecbbb631efb8b0838e811,drivers/net/ethernet/broadcom/bnxt/bnxt_coredump.c,bnxt_hwrm_dbg_dma_data,FP,drivers/usb/host/xhci-ring.c,process_isoc_td,
CVE-2023-1838,torvalds/linux,fb4554c2232e44d595920f4d5c66cf8f7d13f9bc,net/sctp/input.c,sctp_icmp_redirect,FP,drivers/staging/most/net/net.c,get_tap_ptr_ring,
CVE-2015-2150,torvalds/linux,af6fc858a35b90e89ea7a7ee58e66628c55c776b,fs/inode.c,file_modified_flags,FP,drivers/xen/xen-pciback/conf_space_header.c,command_read,
CVE-2022-3106,torvalds/linux,407ecd1bd726f240123f704620d46e285ff30dd9,samples/vfio-mdev/mtty.c,mtty_load_state,FP,drivers/net/ethernet/sfc/ef100_nic.c,ef100_update_stats,
CVE-2015-1805,torvalds/linux,f0d1bec9d58d4c038d0ac958c9af82be6eb18045,sound/pci/ice1712/prodigy192.c,stac9460_adc_vol_get,FP,drivers/usb/renesas_usbhs/pipe.c,iov_fault_in_pages_read,
CVE-2023-39197,torvalds/linux,ff0a3a7d52ff7282dbd183e7fc29a1fe386b0c30,tools/lib/thermal/thermal.c,thermal_zone_find_by_name,FP,net/netfilter/nf_conntrack_proto_dccp.c,dccp_header_pointer,
CVE-2023-1075,torvalds/linux,ffe2a22562444720b05bdfeb999c03e810d84cbb,drivers/net/geneve.c,geneve_get_dsfield,FP,net/tls/tls_sw.c,tls_is_tx_ready,
CVE-2022-23036,torvalds/linux,6b1775f26a2da2b05a6dc8ec2b5d14e9a4701a1a,tools/perf/util/env.c,perf_env__find_btf,FP,arch/arm/xen/grant-table.c,gnttab_end_foreign_access,
CVE-2023-52581,torvalds/linux,cf5000a7787cbc10341091d37245a42c119d26c5,include/linux/ntb.h,ntb_mw_clear_trans,FP,net/netfilter/nf_tables_api.c,nft_trans_gc_queue_async,
CVE-2022-39842,torvalds/linux,a09d2d00af53b43c6f11e6ab3cb58443c2cac8a7,mm/swapfile.c,add_swap_count_continuation,FP,drivers/video/fbdev/pxa3xx-gcu.c,pxa3xx_gcu_write,
CVE-2021-4001,torvalds/linux,353050be4c19e102178ccc05988101887c25ae53,crypto/hmac.c,hmac_digest_ahash,FP,drivers/net/ethernet/netronome/nfp/bpf/verifier.c,bpf_map_is_rdonly,
CVE-2021-43057,torvalds/linux,a3727a8bac0a9e77c70820655fd8715523ba3db7,net/socket.c,copy_msghdr_from_user,FP,lib/kunit/hooks.c,selinux_msg_queue_msgrcv,
CVE-2021-46998,torvalds/linux,643001b47adc844ae33510c4bb93c236667008a3,drivers/net/ethernet/ti/cpsw_new.c,cpsw_ndo_start_xmit,FP,drivers/net/ethernet/cisco/enic/enic_main.c,enic_hard_start_xmit,
CVE-2024-26695,torvalds/linux,ccb88e9549e7cfd8bcd511c538f437e20026e983,fs/seq_file.c,single_open,FP,drivers/crypto/ccp/sev-dev.c,__sev_platform_shutdown_locked,
CVE-2023-0240,torvalds/linux,1e6fa5216a0e59ef02e8b6b40d553238a3b81d49,security/smack/smack_lsm.c,smack_inode_getsecurity,FP,io_uring/io_uring.c,io_init_req,
CVE-2023-0461,torvalds/linux,2c02d41d71f90a5168391b6a5f2954112ba2307c,sound/sound_core.c,__look_for_unit,FP,net/ipv4/inet_connection_sock.c,inet_ulp_can_listen,
CVE-2023-1074,torvalds/linux,458e279f861d3f61796894cd158b780765a1569f,arch/powerpc/platforms/ps3/interrupt.c,ps3_sb_event_receive_port_destroy,FP,net/sctp/bind_addr.c,sctp_bind_addr_copy,
CVE-2024-26582,torvalds/linux,32b55c5ff9103b8508c1e04bfa5a08c64e7a925f,crypto/authenc.c,crypto_authenc_decrypt,FP,net/tls/tls_sw.c,tls_decrypt_done,
CVE-2024-26668,torvalds/linux,c9d9eb9c53d37cdebbad56b91e40baf42d5a97aa,net/dsa/tag_sja1105.c,sja1105_rcv_meta_state_machine,FP,net/netfilter/nft_limit.c,nft_limit_init,
CVE-2020-12114,torvalds/linux,4edbe133f851c9e3a2f2a1db367e826b01e72594,kernel/relay.c,relay_destroy_channel,FP,kernel/cgroup/namespace.c,drop_mountpoint,
CVE-2021-46995,torvalds/linux,4cc7faa406975b460aa674606291dea197c1210c,drivers/net/amt.c,amt_newlink,FP,drivers/net/can/spi/mcp251xfd/mcp251xfd-core.c,mcp251xfd_probe,
CVE-2023-2176,torvalds/linux,8d037973d48c026224ab285e6a06985ccac6f7bf,fs/bcachefs/thread_with_file.c,thread_with_stdio_flush,函数不存在,drivers/infiniband/core/cma.c,rdma_bind_addr,
CVE-2024-26631,torvalds/linux,2e7ef287f07c74985f1bf2858bedc62bd9ebf155,net/ipv6/mcast.c,ipv6_mc_reset,FP,drivers/infiniband/sw/rdmavt/mcast.c,ipv6_mc_reset,
CVE-2020-25212,torvalds/linux,b4487b93545214a9db8cbf32e86411677b0cca21,tools/perf/util/intel-bts.c,intel_bts_process_event,FP,fs/nfsd/nfs4xdr.c,decode_attr_security_label,
CVE-2016-2550,torvalds/linux,415e3d3e90ce9e18727e8843ae343eda5a58fad6,block/blk-mq-sched.c,blk_mq_free_sched_tags_batch,函数不存在,net/unix/garbage.c,unix_notinflight,
CVE-2021-29266,torvalds/linux,f6bbf0010ba004f5e90c7aefdebc0ee4bd3283b9,include/linux/pgtable.h,arch_has_hw_nonleaf_pmd_young,FP,drivers/vdpa/vdpa.c,vhost_vdpa_config_put,
CVE-2020-27675,torvalds/linux,073d0552ead5bfc7a3a9c01de590e924f11b5dd2,certs/extract-cert.c,format,FP,drivers/xen/events/events_base.c,clear_evtchn_to_irq_row,
CVE-2024-26650,torvalds/linux,5913320eb0b3ec88158cfcb0fa5e996bf4ef681b,io_uring/mock_file.c,io_cmd_copy_regbuf,FP,drivers/platform/x86/p2sb.c,p2sb_bar,
CVE-2016-3689,torvalds/linux,a0ad220c96692eda76b2e3fd7279f3dcd1d8a8ff,tools/perf/builtin-record.c,record__mmap_evlist,FP,drivers/input/misc/ims-pcu.c,ims_pcu_parse_cdc_data,
CVE-2023-2176,torvalds/linux,8d037973d48c026224ab285e6a06985ccac6f7bf,sound/pci/atiixp.c,snd_atiixp_capture_open,FP,drivers/infiniband/core/cma.c,rdma_bind_addr,
CVE-2020-25212,torvalds/linux,b4487b93545214a9db8cbf32e86411677b0cca21,fs/ocfs2/alloc.c,ocfs2_update_edge_lengths,FP,fs/nfsd/nfs4xdr.c,decode_attr_security_label,
CVE-2021-46912,torvalds/linux,97684f0970f6e112926de631fdd98d9693c7e5c1,net/ipv4/route.c,sysctl_route_net_init,FP,net/ipv4/sysctl_net_ipv4.c,ipv4_sysctl_init_net,
CVE-2022-39189,torvalds/linux,6cd88243c7e03845a450795e134b488fc2afb736,mm/swapfile.c,get_swap_device_info,FP,arch/powerpc/platforms/pseries/svm.c,svm_handle_exit_irqoff,
CVE-2016-5828,torvalds/linux,8e96a87c5431c256feb65bcfc5aec92d9f7839b6,arch/mips/kernel/process.c,start_thread,FP,arch/loongarch/kernel/process.c,start_thread,
CVE-2021-0920,torvalds/linux,cbcf01128d0a92e131bd09f1688fe032480b65ca,tools/perf/util/callchain.c,free_callchain,FP,net/unix/af_unix.c,unix_peek_fds,
CVE-2020-29370,torvalds/linux,fd4d9c7d0c71866ec0c2825189ebd2ce35bd95b8,drivers/usb/gadget/function/f_tcm.c,uasp_prepare_r_request,FP,mm/slub.c,kmem_cache_alloc_bulk,
CVE-2023-2483,torvalds/linux,6b6bc5b8bd2d4ca9e1efa9ae0f98a0b0687ace75,drivers/hid/hid-sensor-hub.c,sensor_hub_remove,FP,drivers/net/ethernet/qualcomm/emac/emac.c,emac_remove,
CVE-2023-52617,torvalds/linux,df25461119d987b8c81d232cfe4411e91dcabe66,kernel/static_call_inline.c,static_call_is_tail,FP,drivers/pci/switch/switchtec.c,stdev_release,
CVE-2024-26785,torvalds/linux,cf7c2789822db8b5efa34f5ebcf1621bc0008d48,net/ipv4/tcp_output.c,tcp_wfree,FP,crypto/krb5/selftest.c,iommufd_test_access_rw,
CVE-2023-3866,torvalds/linux,5005bcb4219156f1bf7587b185080ec1da08518e,scripts/kconfig/symbol.c,sym_choice_default,FP,fs/smb/server/smb2pdu.c,smb2_check_user_session,
CVE-2020-12464,torvalds/linux,056ad39ee9253873522f6469c3364964a322912b,tools/perf/util/intel-pt.c,intel_pt_parse_vm_tm_corr_args,FP,drivers/usb/core/message.c,usb_sg_cancel,
CVE-2023-4622,torvalds/linux,57d44a354a43edba4ef9963327d4657d12edbfbc,sound/pci/emu10k1/p16v.c,snd_p16v_mixer,FP,net/unix/af_unix.c,unix_seqpacket_sendmsg,
CVE-2020-27675,torvalds/linux,073d0552ead5bfc7a3a9c01de590e924f11b5dd2,init/do_mounts.c,readwrite,FP,drivers/xen/events/events_base.c,evtchn_from_irq,
CVE-2023-3106,torvalds/linux,1ba5bf993c6a3142e18e68ea6452b347f9cb5635,drivers/hid/hid-corsair.c,k90_store_macro_mode,FP,net/xfrm/xfrm_user.c,xfrm_dump_sa,
CVE-2016-10905,torvalds/linux,36e4ad0316c017d5b271378ed9a1c9a4b77fab5f,fs/ocfs2/namei.c,ocfs2_cleanup_add_entry_failure,FP,fs/gfs2/rgrp.c,gfs2_clear_rgrpd,
CVE-2023-22997,torvalds/linux,45af1d7aae7d5520d2858f8517a1342646f015db,drivers/nvdimm/btt.c,btt_log_init,FP,arch/mips/boot/compressed/decompress.c,module_xz_decompress,
CVE-2016-0723,torvalds/linux,5c17c861a357e9458001f021a7afa7aab9937439,drivers/pinctrl/nomadik/pinctrl-nomadik.c,nmk_pinctrl_suspend,FP,drivers/tty/tty_io.c,tiocgetd,
CVE-2020-25672,torvalds/linux,7574fcdbdcb335763b6b322f6928dc0fd5730451,drivers/net/dsa/mv88e6xxx/chip.c,mv88e6xxx_policy_insert,FP,net/nfc/llcp_sock.c,llcp_sock_connect,
CVE-2020-25656,torvalds/linux,82e61c3909db51d91b9d3e2071557b6435018b80,kernel/signal.c,sigqueue_alloc,FP,drivers/s390/char/keyboard.c,k_fn,
CVE-2022-29581,torvalds/linux,3db09e762dc79584a69c10d74a6b98f89a9979f8,drivers/pinctrl/pinmux.c,pinmux_request_gpio,FP,net/sched/cls_u32.c,u32_destroy_key,
CVE-2024-1151,torvalds/linux,6e2f90d31fe09f2b852de25125ca875aabd81367,net/sched/act_api.c,tca_action_gd,FP,net/openvswitch/flow_netlink.c,validate_and_copy_dec_ttl,
CVE-2024-26650,torvalds/linux,5913320eb0b3ec88158cfcb0fa5e996bf4ef681b,scripts/dtc/libfdt/fdt_sw.c,fdt_property,FP,drivers/platform/x86/p2sb.c,p2sb_scan_and_read,
CVE-2015-1805,torvalds/linux,f0d1bec9d58d4c038d0ac958c9af82be6eb18045,net/sunrpc/xdr.c,__read_bytes_from_xdr_buf,FP,drivers/usb/renesas_usbhs/pipe.c,iov_fault_in_pages_read,
CVE-2020-0427,torvalds/linux,be4c60b563edee3712d392aaeb0943a768df7023,sound/soc/intel/atom/sst-mfld-platform-compress.c,sst_compr_fragment_elapsed,FP,arch/x86/kernel/devicetree.c,dt_free_map,
CVE-2023-2166,torvalds/linux,0acc442309a0a1b01bcdaa135e56e6398a49439c,kernel/trace/trace_events_user.c,user_events_open,FP,net/can/af_can.c,can_rcv,
CVE-2016-1575,torvalds/linux,cf9a6784f7c1b5ee2b9159a1246e327c331c5697,arch/arm/mach-orion5x/pci.c,orion5x_pci_sys_scan_bus,FP,arch/s390/hypfs/inode.c,ovl_setattr,
CVE-2023-23143,gpac/gpac,af6a5e7a96ee01a139cce6c9e4edfc069aad17a6,src/odf/descriptors.c,gf_odf_get_bifs_config,FP,src/media_tools/av_parsers.c,svc_parse_slice,
CVE-2022-1297,radareorg/radare2,0a557045476a2969c7079aec9eeb29d02f2809c6,libr/bin/p/bin_xtac.c,r_bin_xtac_read_xtac_linked_list,FP,libr/bin/format/ne/ne.c,r_bin_ne_get_entrypoints,
CVE-2021-4203,torvalds/linux,35306eb23814444bd4021f8a1c3047d3cb0c8b2b,fs/file.c,put_unused_fd,FP,net/core/sock.c,sk_get_peer_cred,
CVE-2023-52512,torvalds/linux,87d315a34133edcb29c4cadbf196ec6c30dfd47b,drivers/pinctrl/intel/pinctrl-lynxpoint.c,lp_gpio_probe,FP,drivers/pinctrl/nuvoton/pinctrl-wpcm450.c,wpcm450_gpio_register,
CVE-2021-47029,torvalds/linux,c996f0346e40e3b1ac2ebaf0681df898fb157f60,net/bluetooth/hci_sock.c,create_monitor_event,FP,drivers/net/wireless/mediatek/mt76/mt76_connac_mcu.c,mt76_connac_mcu_uni_add_dev,
CVE-2022-26966,torvalds/linux,e9da0b56fe27206b49f39805f7dcda8a89379062,arch/m68k/sun3/sun3dvma.c,free_baddr,FP,drivers/net/usb/sr9700.c,sr9700_rx_fixup,
CVE-2023-42752,torvalds/linux,c3b704d4a4a265660e665df51b129e8425216ed1,net/ipv4/ip_output.c,__ip_queue_xmit,FP,net/ipv4/igmp.c,igmpv3_newpack,
CVE-2022-1899,radareorg/radare2,193f4fe01d7f626e2ea937450f2e0c4604420e9d,libr/anal/var.c,extract_arg,FP,libr/bin/bfile.c,string_scan_range,
CVE-2022-1976,torvalds/linux,9cae36a094e7e9d6e5fe8b6dcd4642138b3eb0c7,kernel/sys.c,init_overflow_sysctl,FP,io_uring/io_uring.c,tctx_inflight,
CVE-2023-3090,torvalds/linux,90cbed5247439a966b645b34eb0a2e037836ea8e,drivers/phy/tegra/xusb-tegra124.c,tegra124_sata_pad_probe,FP,drivers/net/ipvlan/ipvlan_core.c,ipvlan_process_v4_outbound,
CVE-2022-0644,torvalds/linux,032146cda85566abcd1c4884d9d23e4e30a07e9a,arch/m68k/mvme147/config.c,mvme147_platform_init,FP,fs/kernel_read_file.c,kernel_read_file_from_fd,
CVE-2020-26145,torvalds/linux,65c415a144ad8132b6a6d97d4a1919ffc728e2d1,fs/fsopen.c,fscontext_create_fd,FP,drivers/net/wireless/ath/ath10k/htt_rx.c,ath10k_htt_rx_h_frag_multicast_check,
CVE-2020-26088,torvalds/linux,26896f01467a28651f7a536143fe5ac8449d4041,net/mctp/af_mctp.c,mctp_pf_create,FP,net/nfc/rawsock.c,rawsock_create,
CVE-2020-36385,torvalds/linux,f5449e74802c1112dea984aec8af7a33c4516af1,sound/soc/soc-usb.c,snd_soc_usb_remove_port,FP,drivers/infiniband/core/ucma.c,ucma_unlock_files,
CVE-2022-4128,torvalds/linux,5c835bb142d4013c2ab24bff5ae9f6709a39cbcf,drivers/misc/vmw_vmci/vmci_host.c,vmci_host_do_ctx_get_cpt_state,FP,drivers/usb/storage/protocol.c,mptcp_disconnect,
CVE-2021-47069,torvalds/linux,a11ddb37bf367e6b5239b95ca759e5389bb46048,crypto/crypto_user.c,crypto_user_exit,FP,ipc/sem.c,unlink_queue,
CVE-2021-28375,torvalds/linux,20c40794eb85ea29852d7bc37c55713802a543d6,net/socket.c,do_accept,FP,drivers/misc/fastrpc.c,fastrpc_internal_invoke,
CVE-2020-0404,torvalds/linux,68035c80e129c4cfec659aac4180354530b26527,drivers/net/wireless/ath/regd.c,__ath_regd_init,FP,drivers/media/usb/uvc/uvc_driver.c,uvc_scan_chain_forward,
CVE-2021-47117,torvalds/linux,082cd4ec240b8734a82a89ffb890216ac98fec68,fs/ext4/fast_commit.c,ext4_fc_replay_add_range,FP,drivers/md/bcache/extents.c,ext4_split_extent_at,
CVE-2021-38206,torvalds/linux,bddc0c411a45d3718ac535a070f349be8eca8d48,block/blk-crypto.c,__bio_crypt_clone,FP,drivers/net/ethernet/mellanox/mlx5/core/en/xsk/tx.c,ieee80211_validate_radiotap_len,
CVE-2023-3609,torvalds/linux,04c55383fa5689357bcdd2c8036725a55ed632bc,net/ipv4/nexthop.c,rtm_get_nexthop_bucket,FP,net/sched/cls_u32.c,u32_set_parms,
CVE-2020-28374,torvalds/linux,2896c93811e39d63a4d9b63ccf12a8fbc226e5e4,tools/perf/util/bpf-filter.c,get_filter_entries,FP,drivers/target/target_core_xcopy.c,target_xcopy_locate_se_dev_e4,
CVE-2020-29660,torvalds/linux,c8bcd9c5be24fb9e6132e97da5a35e55a83e36b9,kernel/pid_namespace.c,zap_pid_ns_processes,FP,drivers/tty/tty_io.c,__do_SAK,
CVE-2016-2069,torvalds/linux,71b3c126e61177eb693423f2e18a1914205b165e,fs/nfs/nfs4proc.c,nfs4_call_sync_custom,FP,arch/loongarch/kvm/tlb.c,flush_tlb_page,
CVE-2024-26650,torvalds/linux,5913320eb0b3ec88158cfcb0fa5e996bf4ef681b,virt/kvm/vfio.c,kvm_vfio_file_iommu_group,FP,drivers/platform/x86/p2sb.c,p2sb_scan_and_read,
CVE-2024-26627,torvalds/linux,4373534a9850627a2695317944898eb1283a2db0,mm/zsmalloc.c,zspage_read_lock,FP,drivers/scsi/scsi_error.c,scsi_schedule_eh,
CVE-2021-47087,torvalds/linux,18549bf4b21c739a9def39f27dcac53e27286ab5,mm/execmem.c,execmem_set_direct_map_valid,FP,arch/arm/probes/uprobes/core.c,optee_pool_op_alloc_helper,
CVE-2020-25669,torvalds/linux,77e70d351db7de07a46ac49b87a6c3c7a60fca7e,drivers/pinctrl/qcom/pinctrl-msm8909.c,msm8909_pinctrl_exit,FP,drivers/input/keyboard/sunkbd.c,sunkbd_enable,
CVE-2018-20836,torvalds/linux,b90cd6f2b905905fb42671009dc0e27c310a16ae,include/asm-generic/mshyperv.h,hv_repcomp,FP,drivers/scsi/libsas/sas_expander.c,smp_task_done,
CVE-2023-28464,torvalds/linux,5dc7d23e167e2882ef118456ceccd57873e876d8,net/smc/smc_wr.h,smc_wr_tx_link_hold,FP,net/bluetooth/hci_conn.c,hci_conn_unlink,
CVE-2024-26669,torvalds/linux,32f2a0afa95fae0d1ceec2ff06e0e816939964b8,drivers/scsi/qedi/qedi_iscsi.c,qedi_data_avail,FP,net/sched/cls_api.c,tc_chain_tmplt_add,
CVE-2021-47131,torvalds/linux,c55dcdd435aa6c6ad6ccac0a4c636d010ee367a4,net/tls/tls_device.c,tls_device_decrypted,FP,net/tls/tls_device.c,tls_device_decrypted,
CVE-2023-52606,torvalds/linux,8f9abaa6d7de0a70fc68acaedce290c1f96e2e59,tools/perf/builtin-ftrace.c,check_ftrace_capable,FP,arch/powerpc/lib/sstep.c,do_vec_load,
CVE-2023-4194,torvalds/linux,9bc3047374d5bec163e83e743709e23753376f0c,fs/xfs/scrub/findparent.c,__xrep_findparent_scan_start,FP,drivers/net/tun.c,tun_chr_open,
CVE-2022-0001,torvalds/linux,d45476d9832409371537013ebdd8dc1a7781f97a,drivers/scsi/lpfc/lpfc_hbadisc.c,lpfc_register_remote_port,FP,arch/alpha/kernel/bugs.c,spectre_v2_select_mitigation,
CVE-2021-47099,torvalds/linux,9695b7de5b4760ed22132aca919570c0190cb0ce,drivers/net/ethernet/amazon/ena/ena_netdev.c,ena_get_stats64,FP,drivers/net/veth.c,veth_xdp_rcv,
CVE-2021-28375,torvalds/linux,20c40794eb85ea29852d7bc37c55713802a543d6,crypto/acompress.c,crypto_acomp_alloc_streams,FP,drivers/misc/fastrpc.c,fastrpc_internal_invoke,
CVE-2020-27675,torvalds/linux,073d0552ead5bfc7a3a9c01de590e924f11b5dd2,security/security.c,security_task_fix_setgid,FP,drivers/xen/events/events_base.c,evtchn_from_irq,
CVE-2021-28951,torvalds/linux,3ebba796fa251d042be42b929a2d916ee5c34a49,kernel/trace/trace_kprobe.c,validate_module_probe_symbol,FP,io_uring/io_uring.c,io_register_enable_rings,
CVE-2022-3531,torvalds/linux,6d2e21dc4db3933db65293552ecc1ede26febeca,arch/x86/xen/p2m.c,alloc_p2m_pmd,FP,tools/testing/selftests/bpf/prog_tests/kprobe_multi_test.c,get_syms,
CVE-2023-3609,torvalds/linux,04c55383fa5689357bcdd2c8036725a55ed632bc,fs/namespace.c,do_remount,FP,net/sched/cls_u32.c,u32_set_parms,
CVE-2022-29581,torvalds/linux,3db09e762dc79584a69c10d74a6b98f89a9979f8,net/mctp/route.c,mctp_route_release,FP,net/sched/cls_u32.c,__u32_destroy_key,
CVE-2021-4001,torvalds/linux,353050be4c19e102178ccc05988101887c25ae53,fs/dcache.c,d_set_mounted,FP,arch/loongarch/kernel/syscall.c,map_freeze,
CVE-2022-1052,radareorg/radare2,0052500c1ed5bf8263b26b9fd7773dbdc6f170c4,shlr/grub/include/grub/unicode.h,grub_unicode_glyph_from_code,FP,libr/bin/format/mach0/mach0.c,MACH0_,
CVE-2021-44733,torvalds/linux,dfd0743f1d9ea76931510ed150334d571fbab49d,fs/file_table.c,fput_close_sync,FP,drivers/tee/tee_shm.c,tee_shm_op_release,
CVE-2017-18509,torvalds/linux,99253eb750fda6a644d5188fb26c43bad8d5a745,kernel/bpf/arena.c,arena_get_unmapped_area,FP,net/ipv6/ip6mr.c,ip6_mroute_getsockopt,
CVE-2022-20565,torvalds/linux,bce1305c0ece3dc549663605e567655dd701752c,sound/pci/asihpi/hpios.h,hpios_locked_mem_get_phys_addr,FP,drivers/hid/hid-core.c,hid_compute_report_size,
CVE-2016-2547,torvalds/linux,b5a663aa426f4884c71cd8580adae73f33570f0d,net/sunrpc/xprtrdma/verbs.c,rpcrdma_wc_send,FP,arch/loongarch/kvm/timer.c,snd_timer_start_slave,
CVE-2021-46915,torvalds/linux,b895bdf5d643b6feb7c60856326dd4feb6981560,fs/smb/server/smb2pdu.c,fsctl_set_sparse,FP,net/netfilter/nft_limit.c,nft_limit_init,
CVE-2021-47152,torvalds/linux,29249eac5225429b898f278230a6ca2baa1ae154,include/net/ieee80211_radiotap.h,ieee80211_get_radiotap_len,FP,drivers/usb/storage/protocol.c,mptcp_frag_can_collapse_to,
CVE-2021-47123,torvalds/linux,447c19f3b5074409c794b350b10306e1da1ef4ba,drivers/hid/hid-rmi.c,rmi_input_event,FP,io_uring/io_uring.c,io_link_timeout_fn,
CVE-2021-47069,torvalds/linux,a11ddb37bf367e6b5239b95ca759e5389bb46048,block/holder.c,add_symlink,FP,ipc/sem.c,unlink_queue,
CVE-2015-8830,torvalds/linux,4c185ce06dca14f5cea192f5a2c981ef50663f2b,security/security.c,security_inode_set_acl,FP,fs/aio.c,aio_setup_single_vector,
CVE-2022-3176,torvalds/linux,791f3465c4afde02d7f16cf7424ca87070b69396,fs/eventpoll.c,ep_start_scan,FP,io_uring/io_uring.c,io_poll_remove_entry,
CVE-2021-47069,torvalds/linux,a11ddb37bf367e6b5239b95ca759e5389bb46048,drivers/pci/controller/pcie-mediatek.c,mtk_pcie_port_free,FP,ipc/mqueue.c,__pipelined_op,
CVE-2021-42252,torvalds/linux,b49a0e69a7b1a68c8d3f64097d06dabb770fec96,sound/soc/pxa/mmp-sspa.c,mmp_pcm_mmap,FP,drivers/soc/aspeed/aspeed-lpc-ctrl.c,aspeed_lpc_ctrl_mmap,
CVE-2024-0340,torvalds/linux,4d8df0f5f79f747d75a7d356d9b9ea40a4e4c8a9,drivers/scsi/53c700.c,NCR_700_sdev_init,FP,drivers/vhost/vhost.c,vhost_new_msg,
CVE-2019-19767,torvalds/linux,4ea99936a1630f51fc3a2d61a58ec4a1c4b7d55a,drivers/net/ethernet/intel/ice/ice_switch.c,ice_replay_vsi_all_fltr,FP,arch/s390/hypfs/inode.c,__ext4_expand_extra_isize,
CVE-2023-3359,torvalds/linux,b0576ade3aaf24b376ea1a4406ae138e2a22b0c0,net/core/rtnetlink.c,rtnl_mdb_get,FP,drivers/nvmem/brcm_nvram.c,brcm_nvram_parse,
CVE-2021-47107,torvalds/linux,53b1119a6e5028b125f431a0116ba73510d82a72,arch/arm/include/asm/kfence.h,split_pmd_page,FP,fs/nfsd/nfsproc.c,nfsd_init_dirlist_pages,
CVE-2020-25645,torvalds/linux,34beb21594519ce64a55a498c2fe7d567bc1ca20,drivers/pinctrl/pinctrl-mcp23s08_spi.c,mcp23s08_spi_regmap_init,FP,drivers/net/geneve.c,geneve_fill_metadata_dst,
CVE-2023-52638,torvalds/linux,6cdedc18ba7b9dacc36466e27e3267d201948c8d,arch/s390/mm/pfault.c,pfault_cpu_dead,FP,drivers/net/wireguard/socket.c,j1939_sk_netdev_event_netdown,
CVE-2020-25669,torvalds/linux,77e70d351db7de07a46ac49b87a6c3c7a60fca7e,include/net/eee.h,eee_to_eeecfg,FP,drivers/input/keyboard/sunkbd.c,sunkbd_enable,
CVE-2024-26654,torvalds/linux,051e0840ffa8ab25554d6b14b62c9ab9e4901457,lib/kunit/string-stream.c,alloc_string_stream,FP,sound/sh/aica.c,snd_aicapcm_pcm_close,
CVE-2021-46938,torvalds/linux,8e947c8f4a5620df77e43c9c75310dc510250166,net/l2tp/l2tp_ip.c,l2tp_ip_recvmsg,FP,drivers/md/dm-rq.c,dm_mq_init_request_queue,
CVE-2021-47112,torvalds/linux,8b79feffeca28c5459458fe78676b081e87c93a4,io_uring/mock_file.c,io_mock_release,FP,arch/powerpc/kernel/kvm.c,kvm_cpu_down_prepare,
CVE-2023-52570,torvalds/linux,c777b11d34e0f47dbbc4b018ef65ad030f2b283a,sound/soc/mediatek/common/mtk-btcvsd.c,btcvsd_band_set,FP,drivers/vfio/mdev/mdev_sysfs.c,parent_create_sysfs_files,
CVE-2015-4170,torvalds/linux,cf872776fc84128bb779ce2b83a37c884c3203ae,lib/kstrtox.c,kstrtoint,FP,drivers/tty/tty_ldsem.c,ldsem_cmpxchg,
CVE-2016-3137,torvalds/linux,c55aee1bf0e6b6feec8b2927b43f7a09a6d5f754,drivers/hid/hid-gt683r.c,gt683r_led_probe,FP,drivers/usb/serial/cypress_m8.c,cypress_generic_port_probe,
CVE-2018-11506,torvalds/linux,f7068114d45ec55996b9040e98111afa56e010fe,drivers/scsi/sr_ioctl.c,sr_do_ioctl,FP,drivers/scsi/sr_ioctl.c,sr_do_ioctl,
CVE-2020-25668,torvalds/linux,90bfdeef83f1d6c696039b6a917190dcbbad3220,lib/kfifo.c,__kfifo_from_user_r,FP,drivers/tty/vt/vt_ioctl.c,vt_io_fontreset,
CVE-2021-47058,torvalds/linux,e41a962f82e7afb5b1ee644f48ad0b3aee656268,fs/nfs/nfs4state.c,nfs4_get_state_owner,FP,drivers/base/regmap/regmap-debugfs.c,regmap_debugfs_exit,
CVE-2023-52510,torvalds/linux,f990874b1c98fe8e57ee9385669f501822979258,mm/memory.c,pfnmap_lockdep_assert,FP,drivers/net/ieee802154/ca8210.c,ca8210_unregister_ext_clock,
CVE-2018-10021,torvalds/linux,318aaf34f1179b39fa9c30fa0f3288b645beee39,fs/mbcache.c,__mb_cache_entry_free,FP,drivers/scsi/libsas/sas_scsi_host.c,sas_scsi_clear_queue_lu,
CVE-2020-29373,torvalds/linux,ff002b30181d30cdfbca316dadd099c3ca0d739c,lib/textsearch.c,get_linear_data,FP,io_uring/io_uring.c,io_prep_async_work,
CVE-2020-28941,torvalds/linux,d4122754442799187d5d537a9c039a49a67e57f1,kernel/sched/psi.c,psi_write,FP,drivers/accessibility/speakup/spk_ttyio.c,spk_ttyio_ldisc_open,
CVE-2021-3752,torvalds/linux,1bff51ea59a9afb67d2dd78518ab0582a54a472c,init/do_mounts.c,readonly,FP,net/bluetooth/l2cap_sock.c,l2cap_sock_close_cb,
CVE-2023-1998,torvalds/linux,6921ed9049bc7457f66c1596c5b78aec0dae4a9d,include/scsi/scsi_cmnd.h,scsi_sg_copy_from_buffer,FP,arch/alpha/kernel/bugs.c,spectre_v2_in_ibrs_mode,
CVE-2021-33909,torvalds/linux,8cae8cd89f05f6de223d63e6d15e31c8ba9cf53b,include/net/gro.h,call_gro_receive,FP,fs/seq_file.c,seq_buf_alloc,
CVE-2022-20567,torvalds/linux,d02ba2a6110c530a32926af8ad441111774d2893,crypto/algif_skcipher.c,skcipher_sendmsg,FP,net/l2tp/l2tp_ppp.c,pppol2tp_release,
CVE-2024-26709,torvalds/linux,0846dd77c8349ec92ca0079c9c71d130f34cb192,arch/mips/alchemy/common/platform.c,_new_usbres,FP,arch/sparc/kernel/iommu.c,spapr_tce_platform_iommu_attach_dev,
CVE-2020-25645,torvalds/linux,34beb21594519ce64a55a498c2fe7d567bc1ca20,scripts/kconfig/mconf.c,search_conf,FP,drivers/net/geneve.c,geneve6_xmit_skb,
CVE-2023-38430,torvalds/linux,1c1bcf2d3ea061613119b534f57507c377df20f9,include/net/ip_tunnels.h,ip_tunnel_get_flowlabel,FP,fs/smb/server/smb_common.c,supported_protocol,
CVE-2021-47090,torvalds/linux,2a57d83c78f889bf3f54eede908d0643c40d5418,fs/btrfs/transaction.c,qgroup_account_snapshot,FP,mm/memory-failure.c,soft_offline_page,
CVE-2020-10711,torvalds/linux,eead1c2ea2509fd754c6da893a94f0e69e83ebe4,net/core/lock_debug.c,rtnl_net_debug_init,FP,net/ipv4/cipso_ipv4.c,cipso_v4_parsetag_rbm,
CVE-2024-26766,torvalds/linux,e6f57c6881916df39db7d95981a8ad2b9c3458d6,drivers/net/ethernet/mellanox/mlxsw/spectrum_acl_erp.c,mlxsw_sp_acl_erp_mask_destroy,FP,drivers/infiniband/hw/hfi1/sdma.c,_pad_sdma_tx_descs,
CVE-2020-12655,torvalds/linux,d0c7feaf87678371c2c09b3709400be416b2dc62,drivers/mtd/ubi/io.c,ubi_io_read_vid_hdr,FP,fs/xfs/libxfs/xfs_alloc.c,xfs_agf_verify,
CVE-2022-20141,torvalds/linux,23d2b94043ca8835bd1e67749020e839f396a1c2,drivers/input/rmi4/rmi_f30.c,rmi_f30_config,FP,net/ipv4/igmp.c,ip_check_mc_rcu,
CVE-2023-52340,torvalds/linux,af6d10345ca76670c1b7c37799f0d5576ccef277,fs/smb/client/smbdirect.c,_get_first_reassembly,FP,drivers/media/pci/bt8xx/dst.c,dst_alloc,
CVE-2021-33061,torvalds/linux,008ca35f6e87be1d60b6af3d1ae247c6d5c2531d,drivers/net/ethernet/intel/e1000e/ethtool.c,e1000e_set_priv_flags,FP,drivers/net/ethernet/intel/ixgbe/ixgbe_ethtool.c,ixgbe_get_priv_flags,
CVE-2023-52340,torvalds/linux,af6d10345ca76670c1b7c37799f0d5576ccef277,drivers/pinctrl/pinctrl-falcon.c,falcon_mux_apply,FP,drivers/media/pci/bt8xx/dst.c,dst_alloc,
CVE-2023-52638,torvalds/linux,6cdedc18ba7b9dacc36466e27e3267d201948c8d,sound/pci/ctxfi/cthw20k1.c,is_adc_input_selected_SBx,FP,drivers/net/wireguard/socket.c,j1939_sk_recv_match,
CVE-2021-47016,torvalds/linux,43262178c043032e7c42d00de44c818ba05f9967,drivers/iio/resolver/ad2s1210.c,ad2s1210_set_mode,FP,arch/mips/pic32/pic32mzda/config.c,mvme16x_timer_int,
CVE-2024-24860,torvalds/linux,da9065caa594d19b26e1a030fd0cc27bd365d685,include/net/sock.h,sk_add_backlog,FP,net/bluetooth/hci_debugfs.c,max_key_size_set,
CVE-2015-8569,torvalds/linux,09ccfd238e5a0e670d8178cf50180ea81ae09ae1,crypto/algif_aead.c,aead_sendmsg,FP,drivers/net/ppp/pptp.c,pptp_bind,
CVE-2021-46985,torvalds/linux,0c8bd174f0fc131bc9dfab35cd8784f59045da87,fs/ceph/snap.c,build_snap_context,FP,drivers/bcma/scan.c,acpi_device_add,
CVE-2023-3108,torvalds/linux,9399f0c51489ae8c16d6559b82a452fdc1895e91,arch/mips/kernel/signal.c,setup_frame,FP,crypto/af_alg.c,af_alg_make_sg,
CVE-2021-27363,torvalds/linux,688e8128b7a92df982709a4137ea4588d16f24aa,scripts/gendwarfksyms/kabi.c,find_rule,FP,drivers/scsi/scsi_transport_iscsi.c,show_transport_handle,
CVE-2024-1085,torvalds/linux,b1db244ffd041a49ecc9618e8feb6b5c1afcdaa7,fs/btrfs/volumes.c,close_fs_devices,FP,net/netfilter/nf_tables_api.c,nft_setelem_catchall_deactivate,
CVE-2023-2598,torvalds/linux,776617db78c6d208780e7c69d4d68d1fa82913de,arch/powerpc/platforms/pasemi/iommu.c,iob_init,FP,io_uring/rsrc.c,io_sqe_buffer_register,
CVE-2024-24855,torvalds/linux,0e881c0a4b6146b7e856735226208f48251facd8,net/netfilter/xt_hashlimit.c,dsthash_alloc_init,FP,drivers/scsi/lpfc/lpfc_hbadisc.c,lpfc_unregister_fcf_rescan,
CVE-2021-22543,torvalds/linux,f8be156be163a052a067306417cd0ff679068c97,fs/dax.c,dax_fault_return,FP,virt/kvm/kvm_main.c,kvm_try_get_pfn,
CVE-2023-52610,torvalds/linux,3f14b377d01d8357eba032b4cabc8c1149b458b6,sound/soc/tegra/tegra210_adx.c,tegra210_adx_startup,FP,net/sched/act_ct.c,tcf_ct_handle_fragments,
CVE-2022-23042,torvalds/linux,66e3531b33ee51dad17c463b4d9c9f52e341503d,sound/soc/cirrus/ep93xx-i2s.c,ep93xx_i2s_probe,FP,drivers/net/xen-netfront.c,setup_netfront,
CVE-2022-47946,torvalds/linux,70aacfe66136809d7f080f89c492c278298719f4,drivers/virt/acrn/irqfd.c,acrn_irqfd_deassign,FP,io_uring/io_uring.c,io_sq_thread_fork,
CVE-2022-23036,torvalds/linux,6b1775f26a2da2b05a6dc8ec2b5d14e9a4701a1a,net/core/skbuff.c,skb_pp_recycle,FP,arch/arm/xen/grant-table.c,gnttab_end_foreign_access,
CVE-2020-11609,torvalds/linux,485b06aadb933190f4bc44e006076bc27a23f205,fs/namespace.c,disconnect_mount,FP,drivers/media/usb/gspca/stv06xx/stv06xx.c,stv06xx_isoc_init,
CVE-2022-3078,torvalds/linux,e6a21a14106d9718aa4f8e115b1e474888eeba44,drivers/net/ethernet/broadcom/bnx2x/bnx2x_link.c,bnx2x_8483x_disable_eee,FP,drivers/media/test-drivers/vidtv/vidtv_s302m.c,vidtv_s302m_encoder_destroy,
CVE-2024-26792,torvalds/linux,e2b54eaf28df0c978626c9736b94f003b523b451,tools/bpf/bpf_dbg.c,extract_u32,FP,fs/btrfs/disk-io.c,btrfs_get_fs_root,
CVE-2019-15031,torvalds/linux,a8318c13e79badb92bc6640704a64cc022a6eb97,sound/pci/es1938.c,snd_es1938_capture_close,FP,arch/loongarch/kernel/process.c,restore_fp,
CVE-2022-1652,torvalds/linux,f71f01394f742fc4558b3f9f4c7ef4c4cf3b07c8,lib/flex_proportions.c,fprop_global_init,FP,drivers/block/floppy.c,set_next_request,
CVE-2020-13974,torvalds/linux,b86dab054059b970111b5516ae548efaae5b3aae,security/security.c,security_file_mprotect,FP,drivers/s390/char/keyboard.c,k_lock,
CVE-2024-26652,torvalds/linux,ba18deddd6d502da71fd6b6143c53042271b82bd,kernel/kexec_core.c,kexec_load_permitted,FP,drivers/net/ethernet/amd/pds_core/auxbus.c,pdsc_auxbus_dev_del,
CVE-2016-2069,torvalds/linux,71b3c126e61177eb693423f2e18a1914205b165e,arch/csky/mm/tlb.c,flush_tlb_page,FP,arch/loongarch/kvm/tlb.c,flush_tlb_page,
CVE-2023-52508,torvalds/linux,8ae5b3a685dc59a8cf7ccfe0e850999ba9727a3c,kernel/events/uprobes.c,uprobe_get_trap_addr,FP,drivers/nvme/host/fc.c,nvme_fc_io_getuuid,
CVE-2021-4202,torvalds/linux,86cdf8e38792545161dbe3350a7eced558ba4d15,arch/arm/mm/cache-l2x0.c,l2c220_sync,FP,arch/arm/probes/uprobes/core.c,nci_request,
CVE-2015-8812,torvalds/linux,67f1aee6f45059fd6b0f5b0ecb2c97ad0451f6b3,crypto/rng.c,crypto_rng_reset,FP,iwch_cm.c,iwch_cxgb3_ofld_send,
CVE-2022-43945,torvalds/linux,00b4492686e0497fdb924a9d4c8f6f99377e176c,sound/pci/via82xx_modem.c,snd_via82xx_suspend,FP,fs/nfsd/nfsproc.c,nfsd_init_dirlist_pages,
CVE-2023-4622,torvalds/linux,57d44a354a43edba4ef9963327d4657d12edbfbc,security/selinux/hooks.c,ipc_has_perm,FP,net/unix/af_unix.c,maybe_init_creds,
CVE-2023-52598,torvalds/linux,8b13601d19c541158a6e18b278c00ba69ae37829,arch/s390/kernel/ptrace.c,__poke_user,FP,arch/loongarch/kernel/ptrace.c,__poke_user,
CVE-2021-47004,torvalds/linux,61461fc921b756ae16e64243f72af2bfc2e620db,arch/arm/kernel/ftrace.c,__ftrace_modify_caller,FP,arch/mips/kernel/segment.c,f2fs_segment_has_free_slot,
CVE-2024-26631,torvalds/linux,2e7ef287f07c74985f1bf2858bedc62bd9ebf155,drivers/scsi/libfc/fc_disc.c,fc_disc_stop,FP,drivers/infiniband/sw/rdmavt/mcast.c,ipv6_mc_down,
CVE-2021-29266,torvalds/linux,f6bbf0010ba004f5e90c7aefdebc0ee4bd3283b9,arch/x86/kernel/tboot.c,tboot_get_dmar_table,FP,drivers/vdpa/vdpa.c,vhost_vdpa_set_config_call,
CVE-2021-46940,torvalds/linux,13a779de4175df602366d129e41782ad7168cef0,arch/powerpc/kernel/hw_breakpoint.c,stepping_handler,FP,tools/power/x86/turbostat/turbostat.c,update_msr_sum,
CVE-2016-4805,torvalds/linux,1f461dcdd296eecedaffffc6bae2bfa90bd7eb89,drivers/scsi/scsi_scan.c,scsi_prep_async_scan,FP,drivers/net/ppp/ppp_generic.c,ppp_register_net_channel,
CVE-2021-46994,torvalds/linux,03c427147b2d3e503af258711af4fc792b89b0af,kernel/bpf/verifier.c,is_pkt_reg,FP,drivers/net/can/spi/mcp251x.c,mcp251x_can_remove,
CVE-2015-4170,torvalds/linux,cf872776fc84128bb779ce2b83a37c884c3203ae,scripts/kconfig/expr.c,expr_calc_value,FP,drivers/tty/tty_ldsem.c,ldsem_cmpxchg,
CVE-2023-3439,torvalds/linux,b561275d633bcd8e0e8055ab86f1a13df75a0269,tools/perf/builtin-script.c,list_available_languages_cb,FP,arch/m68k/coldfire/device.c,mctp_dev_put,
CVE-2021-29266,torvalds/linux,f6bbf0010ba004f5e90c7aefdebc0ee4bd3283b9,io_uring/io_uring.h,io_is_compat,FP,drivers/vdpa/vdpa.c,vhost_vdpa_config_put,
CVE-2023-46813,torvalds/linux,63e44bc52047f182601e7817da969a105aa1f721,drivers/pinctrl/samsung/pinctrl-samsung.c,samsung_gpio_to_irq,FP,sev-shared.c,vc_insn_string_read,
CVE-2023-0590,torvalds/linux,ebda44da44f6f309d302522b049f43d6f829f7aa,drivers/pinctrl/pinctrl-palmas.c,palmas_pinctrl_set_mux,FP,net/sched/sch_api.c,qdisc_graft,
CVE-2024-26709,torvalds/linux,0846dd77c8349ec92ca0079c9c71d130f34cb192,drivers/pinctrl/pinctrl-artpec6.c,artpec6_pconf_group_set,FP,arch/sparc/kernel/iommu.c,spapr_tce_platform_iommu_attach_dev,
CVE-2023-2430,torvalds/linux,e12d7a46f65ae4b7d58a5e0c1cbfa825cf8d830d,net/netlink/af_netlink.c,netlink_attachskb,FP,io_uring/msg_ring.c,io_msg_ring_data,
CVE-2020-29373,torvalds/linux,ff002b30181d30cdfbca316dadd099c3ca0d739c,kernel/seccomp.c,secure_computing_strict,FP,io_uring/io_uring.c,io_req_work_grab_env,
CVE-2016-3955,torvalds/linux,b348d7dddb6c4fbfc810b7a0626e8ec9e29f7cbb,fs/ntfs3/ntfs.h,resident_data_ex,FP,drivers/usb/usbip/usbip_common.c,usbip_recv_xbuff,
CVE-2024-26640,torvalds/linux,577e4432f3ac810049cb7e6b71f4d96ec7c6e894,block/holder.c,add_symlink,FP,drivers/nvme/host/tcp.c,can_map_frag,
CVE-2023-1194,torvalds/linux,fc6c6a3c324c1b3e93a03d0cfa3749c781f23de0,fs/smb/client/smb2ops.c,smb2_create_lease_buf,FP,fs/smb/server/oplock.c,parse_lease_state,
CVE-2021-33135,torvalds/linux,08999b2489b4c9b939d7483dbd03702ee4576d96,sound/soc/mediatek/mt8186/mt8186-misc-control.c,mt8186_add_misc_control,FP,arch/x86/kernel/cpu/sgx/encl.c,sgx_encl_truncate_backing_page,
CVE-2017-14151,uclouvain/openjpeg,afb308b9ccbe129608c9205cf3bb39bbefad90b9,src/lib/openjp2/tcd.c,opj_tcd_code_block_enc_allocate,FP,src/lib/openjp2/tcd.c,opj_tcd_code_block_enc_allocate_data,
CVE-2020-27067,torvalds/linux,9f775ead5e570e7e19015b9e4e2f3dd6e71a5935,tools/perf/util/strfilter.c,strfilter__string,FP,net/l2tp/l2tp_eth.c,l2tp_eth_init,
CVE-2022-3534,torvalds/linux,93c660ca40b5d2f7c1b1626e955a8e9fa30e0749,net/sched/sch_hfsc.c,vttree_get_minvt,FP,tools/lib/bpf/btf_dump.c,btf_dump_name_dups,
CVE-2018-11383,radareorg/radare2,9d348bcc2c4bbd3805e7eec97b594be9febbdf9a,libr/core/cmd_anal.inc.c,cmd_anal_esil,FP,cmd_anal.c,cmd_anal_esil,在特定编译选项下有漏洞
CVE-2023-0590,torvalds/linux,ebda44da44f6f309d302522b049f43d6f829f7aa,sound/soc/sprd/sprd-pcm-dma.c,sprd_pcm_pointer,FP,net/sched/sch_api.c,qdisc_graft,
CVE-2021-33909,torvalds/linux,8cae8cd89f05f6de223d63e6d15e31c8ba9cf53b,kernel/relay.c,relay_alloc_page_array,FP,fs/seq_file.c,seq_buf_alloc,
CVE-2023-52570,torvalds/linux,c777b11d34e0f47dbbc4b018ef65ad030f2b283a,security/tomoyo/util.c,tomoyo_parse_ulong,FP,drivers/vfio/mdev/mdev_sysfs.c,parent_create_sysfs_files,
CVE-2021-33630,torvalds/linux,3e8b9bfa110896f95d602d8c98d5f9d67e41d78c,net/caif/cfctrl.c,cfctrl_remove,FP,net/sched/sch_cbs.c,cbs_destroy,
OSV-2018-148,radareorg/radare2,a6a04332f86ff190058b358b4f89b9fa482567f8,shlr/java/class.c,r_bin_java_build_obj_key,FP,libr/asm/filter.c,hashify,
CVE-2023-52465,torvalds/linux,88f04bc3e737155e13caddf0ba8ed19db87f0212,sound/pci/oxygen/oxygen_lib.c,__oxygen_pci_probe,FP,drivers/power/supply/qcom_pmi8998_charger.c,smb2_probe,
CVE-2023-3359,torvalds/linux,b0576ade3aaf24b376ea1a4406ae138e2a22b0c0,fs/netfs/rolling_buffer.c,rolling_buffer_load_from_ra,FP,drivers/nvmem/brcm_nvram.c,brcm_nvram_parse,
CVE-2020-13974,torvalds/linux,b86dab054059b970111b5516ae548efaae5b3aae,ipc/sem.c,check_restart,FP,drivers/s390/char/keyboard.c,k_lock,
CVE-2024-37407,libarchive/libarchive,b6a979481b7d77c12fa17bbed94576b63bbcb0c0,libarchive/archive_disk_acl_sunos.c,set_acl,FP,libarchive/archive_read_support_format_zip.c,slurp_central_directory,
CVE-2022-4139,torvalds/linux,04aa64375f48a5d430b5550d9271f8428883e550,drivers/gpu/drm/i915/gt/intel_tlb.c,mmio_invalidate_full,FP,drivers/gpu/drm/i915/gt/intel_gt.c,mmio_invalidate_full,
CVE-2021-29646,torvalds/linux,0217ed2848e8538bcf9172d97ed2eeb4a26041bb,crypto/aegis128-core.c,crypto_aegis128_setauthsize,FP,drivers/base/node.c,tipc_nl_retrieve_key,
CVE-2015-4036,torvalds/linux,59c816c1f24df0204e01851431d3bab3eb76719c,sound/soc/codecs/cs42l43.c,cs42l43_decim_get,FP,drivers/scsi/scsi.c,vhost_scsi_send_evt,
CVE-2023-23003,torvalds/linux,0a515a06c5ebfa46fee3ac519e418f801e718da4,net/batman-adv/multicast_forw.c,batadv_mcast_forw_push_padding,FP,tools/perf/tests/expr.c,expr__ctx_new,
CVE-2021-41073,torvalds/linux,16c8d2df7ec0eed31b7d3b61cb13206a7fb930cc,fs/9p/xattr.c,v9fs_fid_xattr_set,FP,io_uring/io_uring.c,loop_rw_iter,
CVE-2023-4611,torvalds/linux,6c21e066f9256ea1df6f88768f6ae1080b7cf509,mm/ksm.c,ksm_del_vmas,FP,mm/mempolicy.c,mpol_rebind_mm,
CVE-2024-26665,torvalds/linux,d75abeec401f8c86b470e7028a13fcdc87e5dd06,drivers/scsi/fcoe/fcoe.c,fcoe_xmit,FP,net/ipv4/ip_tunnel_core.c,iptunnel_pmtud_build_icmpv6,
CVE-2022-36402,torvalds/linux,14abdfae508228a7307f7491b5c4215ae70c6542,kernel/debug/kdb/kdb_bt.c,kdb_bt,FP,drivers/gpu/drm/vmwgfx/vmwgfx_execbuf.c,vmw_cmd_dx_set_shader,
CVE-2016-5195,torvalds/linux,19be0eaffa3ac7d8eb6784ad9bdbc7d67ed8e619,net/socket.c,sock_create_kern,函数不存在,mm/gup.c,can_follow_write_pte,
CVE-2024-23850,torvalds/linux,e03ee2fe873eb68c1f9ba5112fee70303ebf9dfb,fs/btrfs/dir-item.c,btrfs_insert_dir_item,FP,fs/btrfs/disk-io.c,btrfs_get_root_ref,
CVE-2016-7117,torvalds/linux,34b88a68f26a75e4fded796f1a49c40f82234b7d,crypto/ccm.c,crypto_ccm_auth,FP,drivers/net/wireguard/socket.c,__sys_recvmmsg,
CVE-2020-12826,torvalds/linux,d1e7fd6462ca9fc76650fbe6ca800e35b24267da,fs/exec.c,setup_new_exec,FP,arch/um/kernel/exec.c,setup_new_exec,
CVE-2021-46993,torvalds/linux,6d2f8909a5fabb73fe2a63918117943986c39b6c,arch/arm/kernel/smp_twd.c,twd_shutdown,FP,arch/arm/probes/uprobes/core.c,uclamp_none,
CVE-2024-26640,torvalds/linux,577e4432f3ac810049cb7e6b71f4d96ec7c6e894,crypto/aegis128-core.c,crypto_aegis128_setkey,FP,drivers/nvme/host/tcp.c,can_map_frag,
CVE-2024-26621,torvalds/linux,4ef9ad19e17676b9ef071309bc62020e2373705d,drivers/accessibility/speakup/spk_ttyio.c,spk_ttyio_out,FP,mm/huge_memory.c,__thp_get_unmapped_area,
CVE-2021-47078,torvalds/linux,67f29896fdc83298eed5a6576ff8f9873f709228,fs/xfs/xfs_icache.c,xfs_trans_metafile_iget,FP,drivers/infiniband/sw/rxe/rxe_qp.c,rxe_qp_from_init,
CVE-2024-26621,torvalds/linux,4ef9ad19e17676b9ef071309bc62020e2373705d,kernel/trace/bpf_trace.c,copy_user_data_sleepable,FP,mm/huge_memory.c,__thp_get_unmapped_area,
CVE-2024-0322,gpac/gpac,092904b80edbc4dce315684a59cc3184c45c1b70,src/filters/reframe_rawvid.c,rawvidreframe_process,FP,src/filters/reframe_ac3.c,ac3dmx_process,
CVE-2020-10942,torvalds/linux,42d84c8490f9f0931786f1623191fcab397c3d64,fs/namespace.c,grab_requested_mnt_ns,FP,drivers/staging/most/net/net.c,get_raw_socket,
CVE-2021-47040,torvalds/linux,38134ada0ceea3e848fe993263c0ff6207fd46e7,net/ipv4/ip_gre.c,ipgre_header,FP,io_uring/io_uring.c,io_provide_buffers_prep,
CVE-2020-27830,torvalds/linux,f0992098cadb4c9c6a00703b66cafe604e178fea,block/bdev.c,blkdev_get_whole,FP,drivers/accessibility/speakup/spk_ttyio.c,spk_ttyio_initialise_ldisc,
CVE-2023-52488,torvalds/linux,dbf4ab821804df071c8b566d9813083125e6d97b,drivers/pinctrl/renesas/pinctrl-rzg2l.c,rzv2h_bias_param_to_hw,FP,drivers/tty/serial/sc16is7xx.c,sc16is7xx_regmap_name,
CVE-2021-46983,torvalds/linux,8cc365f9559b86802afc0208389f5c8d46b4ad61,fs/ocfs2/ioctl.c,ocfs2_info_handle_freeinode,FP,drivers/net/ethernet/mellanox/mlx5/core/rdma.c,nvmet_rdma_write_data_done,
CVE-2023-52503,torvalds/linux,f4384b3e54ea813868bb81a861bf5b2406e15d8f,include/net/xdp_sock_drv.h,xsk_buff_del_tail,函数不存在,arch/arm/probes/uprobes/core.c,destroy_session,
